tipo;fabricante;serie;paso;rating;tamano;dn;cv;kv;k;d_ref;d_ref_mm;fuente;nota
Bola;Tyco;Figure F803;Total;Brida (ver catálogo);1/4;8;8;6.92;0.25;Sch40;9.3;Ball Valve F803.pdf, p.2;"Cv 1-1/4"" (85) muy próximo a 1"" (78) con paso 1,25"" vs 0,98"": posible errata del catálogo"
Bola;Tyco;Figure F803;Total;Brida (ver catálogo);3/8;10;8;6.92;0.817;Sch40;12.5;Ball Valve F803.pdf, p.2;"Cv 1-1/4"" (85) muy próximo a 1"" (78) con paso 1,25"" vs 0,98"": posible errata del catálogo"
Bola;Tyco;Figure F803;Total;Brida (ver catálogo);1/2;15;20;17.3;0.325;Sch40;15.7;Ball Valve F803.pdf, p.2;"Cv 1-1/4"" (85) muy próximo a 1"" (78) con paso 1,25"" vs 0,98"": posible errata del catálogo"
Bola;Tyco;Figure F803;Total;Brida (ver catálogo);3/4;20;44;38.06;0.211;Sch40;20.9;Ball Valve F803.pdf, p.2;"Cv 1-1/4"" (85) muy próximo a 1"" (78) con paso 1,25"" vs 0,98"": posible errata del catálogo"
Bola;Tyco;Figure F803;Total;Brida (ver catálogo);1;25;78;67.47;0.176;Sch40;26.6;Ball Valve F803.pdf, p.2;"Cv 1-1/4"" (85) muy próximo a 1"" (78) con paso 1,25"" vs 0,98"": posible errata del catálogo"
Bola;Tyco;Figure F803;Total;Brida (ver catálogo);1-1/4;32;85;73.53;0.445;Sch40;35.0;Ball Valve F803.pdf, p.2;"Cv 1-1/4"" (85) muy próximo a 1"" (78) con paso 1,25"" vs 0,98"": posible errata del catálogo"
Bola;Tyco;Figure F803;Total;Brida (ver catálogo);1-1/2;40;215;185.99;0.13;Sch40;40.9;Ball Valve F803.pdf, p.2;"Cv 1-1/4"" (85) muy próximo a 1"" (78) con paso 1,25"" vs 0,98"": posible errata del catálogo"
Bola;Tyco;Figure F803;Total;Brida (ver catálogo);2;50;395;341.7;0.104;Sch40;52.5;Ball Valve F803.pdf, p.2;"Cv 1-1/4"" (85) muy próximo a 1"" (78) con paso 1,25"" vs 0,98"": posible errata del catálogo"
Bola;Tyco;Figure F803;Total;Brida (ver catálogo);2-1/2;65;700;605.54;0.067;Sch40;62.6;Ball Valve F803.pdf, p.2;"Cv 1-1/4"" (85) muy próximo a 1"" (78) con paso 1,25"" vs 0,98"": posible errata del catálogo"
Bola;Tyco;Figure F803;Total;Brida (ver catálogo);3;80;1031;891.87;0.074;Sch40;77.9;Ball Valve F803.pdf, p.2;"Cv 1-1/4"" (85) muy próximo a 1"" (78) con paso 1,25"" vs 0,98"": posible errata del catálogo"
Bola;Tyco;Figure F803;Total;Brida (ver catálogo);4;100;1836;1588.24;0.07;Sch40;102.3;Ball Valve F803.pdf, p.2;"Cv 1-1/4"" (85) muy próximo a 1"" (78) con paso 1,25"" vs 0,98"": posible errata del catálogo"
Bola;Velan;Memory Seal SB-150/300/600;Total;ASME 150/300/600;1/2;15;12;10.38;0.903;Sch40;15.7;Seal Ball Valves.pdf, p.13;
Bola;Velan;Memory Seal SB-150/300/600;Total;ASME 150/300/600;3/4;20;50;43.25;0.163;Sch40;20.9;Seal Ball Valves.pdf, p.13;
Bola;Velan;Memory Seal SB-150/300/600;Total;ASME 150/300/600;1;25;100;86.51;0.107;Sch40;26.6;Seal Ball Valves.pdf, p.13;
Bola;Velan;Memory Seal SB-150/300/600;Total;ASME 150/300/600;1-1/2;40;250;216.26;0.096;Sch40;40.9;Seal Ball Valves.pdf, p.13;
Bola;Velan;Memory Seal SB-150/300/600;Total;ASME 150/300/600;2;50;430;371.97;0.088;Sch40;52.5;Seal Ball Valves.pdf, p.13;
Bola;Velan;Memory Seal SB-150/300/600;Total;ASME 150/300/600;2-1/2;65;720;622.84;0.063;Sch40;62.6;Seal Ball Valves.pdf, p.13;
Bola;Velan;Memory Seal SB-150/300/600;Total;ASME 150/300/600;3;80;1020;882.35;0.076;Sch40;77.9;Seal Ball Valves.pdf, p.13;
Bola;Velan;Memory Seal SB-150/300/600;Total;ASME 150/300/600;4;100;2000;1730.1;0.059;Sch40;102.3;Seal Ball Valves.pdf, p.13;
Bola;Velan;Memory Seal SB-150/300/600;Total;ASME 150/300/600;6;150;5500;4757.79;0.04;Sch40;154.1;Seal Ball Valves.pdf, p.13;
Bola;Velan;Memory Seal SB-150/300/600;Total;ASME 150/300/600;8;200;9800;8477.51;0.038;Sch40;202.7;Seal Ball Valves.pdf, p.13;
Bola;Velan;Memory Seal SB-150/300/600;Total;ASME 150/300/600;10;250;16400;14186.85;0.033;Sch40;254.4;Seal Ball Valves.pdf, p.13;
Bola;Velan;Memory Seal SB-150/300/600;Total;ASME 150/300/600;12;300;23800;20588.24;0.032;Sch40;303.3;Seal Ball Valves.pdf, p.13;
Bola;Velan;Memory Seal SB-150/300/600;Total;ASME 150/300/600;14;350;27500;23788.93;0.035;Sch40;333.4;Seal Ball Valves.pdf, p.13;
Bola;Velan;Memory Seal SB-150/300/600;Total;ASME 150/300/600;16;400;36000;31141.87;0.035;Sch40;381.0;Seal Ball Valves.pdf, p.13;
Bola;Velan;Memory Seal SB-150/300/600;Total;ASME 150/300/600;18;450;46000;39792.39;0.034;Sch40;428.6;Seal Ball Valves.pdf, p.13;
Bola;Velan;Memory Seal SB-150/300/600;Total;ASME 150/300/600;20;500;57000;49307.96;0.034;Sch40;477.8;Seal Ball Valves.pdf, p.13;
Bola;Velan;Memory Seal SB-150/300/600;Total;ASME 150/300/600;24;600;75000;64878.89;0.042;Sch40;574.8;Seal Ball Valves.pdf, p.13;
Bola;Velan;Memory Seal SB-150/300/600;Reducido;ASME 150/300/600;2;50;130;112.46;0.962;Sch40;52.5;Seal Ball Valves.pdf, p.15;"Cv 14"" (5200) < Cv 12"" (6700): incoherencia del catálogo, verificar con Velan"
Bola;Velan;Memory Seal SB-150/300/600;Reducido;ASME 150/300/600;3;80;250;216.26;1.26;Sch40;77.9;Seal Ball Valves.pdf, p.15;"Cv 14"" (5200) < Cv 12"" (6700): incoherencia del catálogo, verificar con Velan"
Bola;Velan;Memory Seal SB-150/300/600;Reducido;ASME 150/300/600;4;100;540;467.13;0.804;Sch40;102.3;Seal Ball Valves.pdf, p.15;"Cv 14"" (5200) < Cv 12"" (6700): incoherencia del catálogo, verificar con Velan"
Bola;Velan;Memory Seal SB-150/300/600;Reducido;ASME 150/300/600;6;150;770;666.09;2.04;Sch40;154.1;Seal Ball Valves.pdf, p.15;"Cv 14"" (5200) < Cv 12"" (6700): incoherencia del catálogo, verificar con Velan"
Bola;Velan;Memory Seal SB-150/300/600;Reducido;ASME 150/300/600;8;200;1900;1643.6;1.0;Sch40;202.7;Seal Ball Valves.pdf, p.15;"Cv 14"" (5200) < Cv 12"" (6700): incoherencia del catálogo, verificar con Velan"
Bola;Velan;Memory Seal SB-150/300/600;Reducido;ASME 150/300/600;10;250;3900;3373.7;0.589;Sch40;254.4;Seal Ball Valves.pdf, p.15;"Cv 14"" (5200) < Cv 12"" (6700): incoherencia del catálogo, verificar con Velan"
Bola;Velan;Memory Seal SB-150/300/600;Reducido;ASME 150/300/600;12;300;6700;5795.85;0.404;Sch40;303.3;Seal Ball Valves.pdf, p.15;"Cv 14"" (5200) < Cv 12"" (6700): incoherencia del catálogo, verificar con Velan"
Bola;Velan;Memory Seal SB-150/300/600;Reducido;ASME 150/300/600;14;350;5200;4498.27;0.978;Sch40;333.4;Seal Ball Valves.pdf, p.15;"Cv 14"" (5200) < Cv 12"" (6700): incoherencia del catálogo, verificar con Velan"
Bola;Velan;Memory Seal SB-150/300/600;Reducido;ASME 150/300/600;16;400;8050;6963.67;0.696;Sch40;381.0;Seal Ball Valves.pdf, p.15;"Cv 14"" (5200) < Cv 12"" (6700): incoherencia del catálogo, verificar con Velan"
Bola;Velan;Memory Seal SB-150/300/600;Reducido;ASME 150/300/600;18;450;12500;10813.15;0.462;Sch40;428.6;Seal Ball Valves.pdf, p.15;"Cv 14"" (5200) < Cv 12"" (6700): incoherencia del catálogo, verificar con Velan"
Bola;Velan;Memory Seal SB-150/300/600;Reducido;ASME 150/300/600;20;500;15500;13408.3;0.464;Sch40;477.8;Seal Ball Valves.pdf, p.15;"Cv 14"" (5200) < Cv 12"" (6700): incoherencia del catálogo, verificar con Velan"
Bola;Velan;Memory Seal SB-150/300/600;Reducido;ASME 150/300/600;24;600;27000;23356.4;0.321;Sch40;574.8;Seal Ball Valves.pdf, p.15;"Cv 14"" (5200) < Cv 12"" (6700): incoherencia del catálogo, verificar con Velan"
Bola;Velan;Memory Seal UB-150 (cat. Memory Seal);Reducido;ASME 150;1/2;15;9;7.79;1.61;Sch40;15.7;Seal Ball Valves.pdf, p.19;"Difiere del catálogo Unibody (1"": 42; 3"": 350)"
Bola;Velan;Memory Seal UB-150 (cat. Memory Seal);Reducido;ASME 150;3/4;20;15;12.98;1.82;Sch40;20.9;Seal Ball Valves.pdf, p.19;"Difiere del catálogo Unibody (1"": 42; 3"": 350)"
Bola;Velan;Memory Seal UB-150 (cat. Memory Seal);Reducido;ASME 150;1;25;38;32.87;0.742;Sch40;26.6;Seal Ball Valves.pdf, p.19;"Difiere del catálogo Unibody (1"": 42; 3"": 350)"
Bola;Velan;Memory Seal UB-150 (cat. Memory Seal);Reducido;ASME 150;1-1/2;40;125;108.13;0.383;Sch40;40.9;Seal Ball Valves.pdf, p.19;"Difiere del catálogo Unibody (1"": 42; 3"": 350)"
Bola;Velan;Memory Seal UB-150 (cat. Memory Seal);Reducido;ASME 150;2;50;165;142.73;0.597;Sch40;52.5;Seal Ball Valves.pdf, p.19;"Difiere del catálogo Unibody (1"": 42; 3"": 350)"
Bola;Velan;Memory Seal UB-150 (cat. Memory Seal);Reducido;ASME 150;3;80;250;216.26;1.26;Sch40;77.9;Seal Ball Valves.pdf, p.19;"Difiere del catálogo Unibody (1"": 42; 3"": 350)"
Bola;Velan;Memory Seal UB-150 (cat. Memory Seal);Reducido;ASME 150;4;100;540;467.13;0.804;Sch40;102.3;Seal Ball Valves.pdf, p.19;"Difiere del catálogo Unibody (1"": 42; 3"": 350)"
Bola;Velan;Unibody UB-150/300;Reducido;ASME 150/300;1/2;15;9;7.79;1.61;Sch40;15.7;Unibody Ball Valves.pdf, p.6;"Difiere del catálogo Memory Seal (1"": 38; 3"": 250)"
Bola;Velan;Unibody UB-150/300;Reducido;ASME 150/300;3/4;20;15;12.98;1.82;Sch40;20.9;Unibody Ball Valves.pdf, p.6;"Difiere del catálogo Memory Seal (1"": 38; 3"": 250)"
Bola;Velan;Unibody UB-150/300;Reducido;ASME 150/300;1;25;42;36.33;0.608;Sch40;26.6;Unibody Ball Valves.pdf, p.6;"Difiere del catálogo Memory Seal (1"": 38; 3"": 250)"
Bola;Velan;Unibody UB-150/300;Reducido;ASME 150/300;1-1/2;40;125;108.13;0.383;Sch40;40.9;Unibody Ball Valves.pdf, p.6;"Difiere del catálogo Memory Seal (1"": 38; 3"": 250)"
Bola;Velan;Unibody UB-150/300;Reducido;ASME 150/300;2;50;165;142.73;0.597;Sch40;52.5;Unibody Ball Valves.pdf, p.6;"Difiere del catálogo Memory Seal (1"": 38; 3"": 250)"
Bola;Velan;Unibody UB-150/300;Reducido;ASME 150/300;3;80;350;302.77;0.644;Sch40;77.9;Unibody Ball Valves.pdf, p.6;"Difiere del catálogo Memory Seal (1"": 38; 3"": 250)"
Bola;Velan;Unibody UB-150/300;Reducido;ASME 150/300;4;100;540;467.13;0.804;Sch40;102.3;Unibody Ball Valves.pdf, p.6;"Difiere del catálogo Memory Seal (1"": 38; 3"": 250)"
Bola;Velan;Unibody UB-150/300;Reducido;ASME 150/300;6;150;1000;865.05;1.21;Sch40;154.1;Unibody Ball Valves.pdf, p.6;"Difiere del catálogo Memory Seal (1"": 38; 3"": 250)"
Bola;Velan;Memory Seal TE-150/300/600 (top entry);Reducido;ASME 150/300/600;1/2;15;8;6.92;2.03;Sch40;15.7;Seal Ball Valves.pdf, p.21;
Bola;Velan;Memory Seal TE-150/300/600 (top entry);Reducido;ASME 150/300/600;3/4;20;13.5;11.68;2.24;Sch40;20.9;Seal Ball Valves.pdf, p.21;
Bola;Velan;Memory Seal TE-150/300/600 (top entry);Reducido;ASME 150/300/600;1;25;34;29.41;0.927;Sch40;26.6;Seal Ball Valves.pdf, p.21;
Bola;Velan;Memory Seal TE-150/300/600 (top entry);Reducido;ASME 150/300/600;1-1/2;40;65;56.23;1.42;Sch40;40.9;Seal Ball Valves.pdf, p.21;
Bola;Velan;Memory Seal TE-150/300/600 (top entry);Reducido;ASME 150/300/600;2;50;104;89.97;1.5;Sch40;52.5;Seal Ball Valves.pdf, p.21;
Bola;Velan;Memory Seal TE-150/300/600 (top entry);Reducido;ASME 150/300/600;3;80;200;173.01;1.97;Sch40;77.9;Seal Ball Valves.pdf, p.21;
Bola;Velan;Memory Seal TE-150/300/600 (top entry);Reducido;ASME 150/300/600;4;100;720;622.84;0.452;Sch40;102.3;Seal Ball Valves.pdf, p.21;
Bola;Velan;Memory Seal TE-150/300/600 (top entry);Total;ASME 150/300/600;3/8;10;6;5.19;1.45;Sch40;12.5;Seal Ball Valves.pdf, p.21;
Bola;Velan;Memory Seal TE-150/300/600 (top entry);Total;ASME 150/300/600;1/2;15;26;22.49;0.192;Sch40;15.7;Seal Ball Valves.pdf, p.21;
Bola;Velan;Memory Seal TE-150/300/600 (top entry);Total;ASME 150/300/600;3/4;20;75;64.88;0.073;Sch40;20.9;Seal Ball Valves.pdf, p.21;
Bola;Velan;Memory Seal TE-150/300/600 (top entry);Total;ASME 150/300/600;1;25;103;89.1;0.101;Sch40;26.6;Seal Ball Valves.pdf, p.21;
Bola;Velan;Memory Seal TE-150/300/600 (top entry);Total;ASME 150/300/600;1-1/2;40;206;178.2;0.141;Sch40;40.9;Seal Ball Valves.pdf, p.21;
Bola;Velan;Memory Seal TE-150/300/600 (top entry);Total;ASME 150/300/600;2;50;322;278.55;0.157;Sch40;52.5;Seal Ball Valves.pdf, p.21;
Bola;Velan;Memory Seal TE-150/300/600 (top entry);Total;ASME 150/300/600;3;80;760;657.44;0.136;Sch40;77.9;Seal Ball Valves.pdf, p.21;
Bola;Velan;Memory Seal EE-1000;Total;1000 WOG;1/4;8;5.0;4.33;0.641;Sch40;9.3;Seal Ball Valves.pdf, p.26;
Bola;Velan;Memory Seal EE-1000;Total;1000 WOG;3/8;10;5.7;4.93;1.61;Sch40;12.5;Seal Ball Valves.pdf, p.26;
Bola;Velan;Memory Seal EE-1000;Total;1000 WOG;1/2;15;13.5;11.68;0.714;Sch40;15.7;Seal Ball Valves.pdf, p.26;
Bola;Velan;Memory Seal EE-1000;Total;1000 WOG;3/4;20;50;43.25;0.163;Sch40;20.9;Seal Ball Valves.pdf, p.26;
Bola;Velan;Memory Seal EE-1000;Total;1000 WOG;1;25;93;80.45;0.124;Sch40;26.6;Seal Ball Valves.pdf, p.26;
Bola;Velan;Memory Seal EE-1000;Total;1000 WOG;1-1/4;32;170;147.06;0.111;Sch40;35.0;Seal Ball Valves.pdf, p.26;
Bola;Velan;Memory Seal EE-1000;Total;1000 WOG;1-1/2;40;250;216.26;0.096;Sch40;40.9;Seal Ball Valves.pdf, p.26;
Bola;Velan;Memory Seal EE-1000;Total;1000 WOG;2;50;450;389.27;0.08;Sch40;52.5;Seal Ball Valves.pdf, p.26;
Bola;Velan;Memory Seal EP-2000;Reducido;2000 WOG;1/2;15;10;8.65;1.3;Sch40;15.7;Seal Ball Valves.pdf, p.26;
Bola;Velan;Memory Seal EP-2000;Reducido;2000 WOG;3/4;20;19;16.44;1.13;Sch40;20.9;Seal Ball Valves.pdf, p.26;
Bola;Velan;Memory Seal EP-2000;Reducido;2000 WOG;1;25;39;33.74;0.705;Sch40;26.6;Seal Ball Valves.pdf, p.26;
Bola;Velan;Memory Seal EP-2000;Reducido;2000 WOG;1-1/4;32;65;56.23;0.76;Sch40;35.0;Seal Ball Valves.pdf, p.26;
Bola;Velan;Memory Seal EP-2000;Reducido;2000 WOG;1-1/2;40;87;75.26;0.791;Sch40;40.9;Seal Ball Valves.pdf, p.26;
Bola;Velan;Memory Seal EP-2000;Reducido;2000 WOG;2;50;112;96.89;1.3;Sch40;52.5;Seal Ball Valves.pdf, p.26;
Bola;Velan;Memory Seal HB-2000 (una pieza);Reducido;2000 WOG;1/4;8;2.5;2.16;2.56;Sch40;9.3;Seal Ball Valves.pdf, p.28;
Bola;Velan;Memory Seal HB-2000 (una pieza);Reducido;2000 WOG;3/8;10;3.5;3.03;4.27;Sch40;12.5;Seal Ball Valves.pdf, p.28;
Bola;Velan;Memory Seal HB-2000 (una pieza);Reducido;2000 WOG;1/2;15;4.8;4.15;5.64;Sch40;15.7;Seal Ball Valves.pdf, p.28;
Bola;Velan;Memory Seal HB-2000 (una pieza);Reducido;2000 WOG;3/4;20;9.5;8.22;4.53;Sch40;20.9;Seal Ball Valves.pdf, p.28;
Bola;Velan;Memory Seal HB-2000 (una pieza);Reducido;2000 WOG;1;25;14.0;12.11;5.47;Sch40;26.6;Seal Ball Valves.pdf, p.28;
Bola;Velan;Memory Seal HB-2000 (una pieza);Reducido;2000 WOG;1-1/4;32;33.0;28.55;2.95;Sch40;35.0;Seal Ball Valves.pdf, p.28;
Bola;Velan;Memory Seal HB-2000 (una pieza);Reducido;2000 WOG;1-1/2;40;45.0;38.93;2.96;Sch40;40.9;Seal Ball Valves.pdf, p.28;
Bola;Velan;Memory Seal HB-2000 (una pieza);Reducido;2000 WOG;2;50;58.0;50.17;4.83;Sch40;52.5;Seal Ball Valves.pdf, p.28;
Bola;Velan;Memory Seal OP-4000 (una pieza);Reducido;4000 WOG;1/2;15;3.0;2.6;14.45;Sch40;15.7;Seal Ball Valves.pdf, p.31;
Bola;Velan;Memory Seal OP-4000 (una pieza);Reducido;4000 WOG;3/4;20;6.1;5.28;10.98;Sch40;20.9;Seal Ball Valves.pdf, p.31;
Bola;Velan;Memory Seal OP-4000 (una pieza);Reducido;4000 WOG;1;25;10.4;9.0;9.91;Sch40;26.6;Seal Ball Valves.pdf, p.31;
Bola;Velan;Memory Seal OP-4000 (una pieza);Reducido;4000 WOG;1-1/2;40;38.0;32.87;4.15;Sch40;40.9;Seal Ball Valves.pdf, p.31;
Bola;Velan;Memory Seal OP-4000 (una pieza);Reducido;4000 WOG;2;50;50.0;43.25;6.5;Sch40;52.5;Seal Ball Valves.pdf, p.31;
Bola;W-K-M;DynaSeal 370E-4 (trunnion);Total / reducido (AxB);API 6D 600–2500;2;50;395;341.7;0.104;Sch40;52.5;Catalog - Ball Valves.pdf, p.29;
Bola;W-K-M;DynaSeal 370E-4 (trunnion);Total / reducido (AxB);API 6D 600–2500;3x2;80;225;194.64;1.56;Sch40;77.9;Catalog - Ball Valves.pdf, p.29;
Bola;W-K-M;DynaSeal 370E-4 (trunnion);Total / reducido (AxB);API 6D 600–2500;3;80;1045;903.98;0.072;Sch40;77.9;Catalog - Ball Valves.pdf, p.29;
Bola;W-K-M;DynaSeal 370E-4 (trunnion);Total / reducido (AxB);API 6D 600–2500;4x3;100;610;527.68;0.63;Sch40;102.3;Catalog - Ball Valves.pdf, p.29;
Bola;W-K-M;DynaSeal 370E-4 (trunnion);Total / reducido (AxB);API 6D 600–2500;4;100;1875;1621.97;0.067;Sch40;102.3;Catalog - Ball Valves.pdf, p.29;
Bola;W-K-M;DynaSeal 370E-4 (trunnion);Total / reducido (AxB);API 6D 600–2500;6x4;150;895;774.22;1.51;Sch40;154.1;Catalog - Ball Valves.pdf, p.29;
Bola;W-K-M;DynaSeal 370E-4 (trunnion);Total / reducido (AxB);API 6D 600–2500;6;150;4525;3914.36;0.059;Sch40;154.1;Catalog - Ball Valves.pdf, p.29;
Bola;W-K-M;DynaSeal 370E-4 (trunnion);Total / reducido (AxB);API 6D 600–2500;8x6;200;2085;1803.63;0.831;Sch40;202.7;Catalog - Ball Valves.pdf, p.29;
Bola;W-K-M;DynaSeal 370CT (trunnion);Total / reducido (AxB);ASME 150/300;4;100;2450;2119.38;0.039;Sch40;102.3;Catalog - Ball Valves.pdf, p.29;
Bola;W-K-M;DynaSeal 370CT (trunnion);Total / reducido (AxB);ASME 150/300;6x4;150;855;739.62;1.65;Sch40;154.1;Catalog - Ball Valves.pdf, p.29;
Bola;W-K-M;DynaSeal 370CT (trunnion);Total / reducido (AxB);ASME 150/300;6;150;5265;4554.5;0.044;Sch40;154.1;Catalog - Ball Valves.pdf, p.29;
Bola;W-K-M;DynaSeal 370CT (trunnion);Total / reducido (AxB);ASME 150/300;8x6;200;2275;1967.99;0.698;Sch40;202.7;Catalog - Ball Valves.pdf, p.29;
Bola;W-K-M;DynaSeal 370CT (trunnion);Total / reducido (AxB);ASME 150/300;8;200;10485;9070.07;0.033;Sch40;202.7;Catalog - Ball Valves.pdf, p.29;
Bola;W-K-M;DynaSeal 370CT (trunnion);Total / reducido (AxB);ASME 150/300;10x8;250;4290;3711.07;0.487;Sch40;254.4;Catalog - Ball Valves.pdf, p.29;
Bola;W-K-M;DynaSeal 370CT (trunnion);Total / reducido (AxB);ASME 150/300;10;250;17330;14991.35;0.03;Sch40;254.4;Catalog - Ball Valves.pdf, p.29;
Bola;W-K-M;DynaSeal 370CT (trunnion);Total / reducido (AxB);ASME 150/300;12x10;300;6635;5739.62;0.411;Sch40;303.3;Catalog - Ball Valves.pdf, p.29;
Bola;W-K-M;DynaSeal 370CT (trunnion);Total / reducido (AxB);ASME 150/300;12;300;26030;22517.3;0.027;Sch40;303.3;Catalog - Ball Valves.pdf, p.29;
Bola;W-K-M;DynaSeal 370CT (trunnion);Total / reducido (AxB);ASME 150/300;14x12;350;11160;9653.98;0.212;Sch40;333.4;Catalog - Ball Valves.pdf, p.29;
Bola;W-K-M;DynaSeal 370D-4 (trunnion);Total / reducido (AxB);API 6D 600/900;6;150;4525;3914.36;0.059;Sch40;154.1;Catalog - Ball Valves.pdf, p.29;"El catálogo imprime ""22.500"" para 12"" (se interpreta 22 500)"
Bola;W-K-M;DynaSeal 370D-4 (trunnion);Total / reducido (AxB);API 6D 600/900;8x6;200;2085;1803.63;0.831;Sch40;202.7;Catalog - Ball Valves.pdf, p.29;"El catálogo imprime ""22.500"" para 12"" (se interpreta 22 500)"
Bola;W-K-M;DynaSeal 370D-4 (trunnion);Total / reducido (AxB);API 6D 600/900;8;200;8900;7698.96;0.046;Sch40;202.7;Catalog - Ball Valves.pdf, p.29;"El catálogo imprime ""22.500"" para 12"" (se interpreta 22 500)"
Bola;W-K-M;DynaSeal 370D-4 (trunnion);Total / reducido (AxB);API 6D 600/900;10x8;250;3545;3066.61;0.713;Sch40;254.4;Catalog - Ball Valves.pdf, p.29;"El catálogo imprime ""22.500"" para 12"" (se interpreta 22 500)"
Bola;W-K-M;DynaSeal 370D-4 (trunnion);Total / reducido (AxB);API 6D 600/900;10;250;14495;12538.93;0.043;Sch40;254.4;Catalog - Ball Valves.pdf, p.29;"El catálogo imprime ""22.500"" para 12"" (se interpreta 22 500)"
Bola;W-K-M;DynaSeal 370D-4 (trunnion);Total / reducido (AxB);API 6D 600/900;12x10;300;6063;5244.81;0.493;Sch40;303.3;Catalog - Ball Valves.pdf, p.29;"El catálogo imprime ""22.500"" para 12"" (se interpreta 22 500)"
Bola;W-K-M;DynaSeal 370D-4 (trunnion);Total / reducido (AxB);API 6D 600/900;12;300;22500;19463.67;0.036;Sch40;303.3;Catalog - Ball Valves.pdf, p.29;"El catálogo imprime ""22.500"" para 12"" (se interpreta 22 500)"
Bola;W-K-M;DynaSeal 370D-4 (trunnion);Total / reducido (AxB);API 6D 600/900;14x12;350;9320;8062.28;0.304;Sch40;333.4;Catalog - Ball Valves.pdf, p.29;"El catálogo imprime ""22.500"" para 12"" (se interpreta 22 500)"
Mariposa;Crane / Center Line;Series 200 (asiento elástico);—;150 psi (ver catálogo);2;50;115;99.48;1.23;Sch40;52.5;Butterfly Valves 200.pdf, p.4;
Mariposa;Crane / Center Line;Series 200 (asiento elástico);—;150 psi (ver catálogo);2-1/2;65;196;169.55;0.856;Sch40;62.6;Butterfly Valves 200.pdf, p.4;
Mariposa;Crane / Center Line;Series 200 (asiento elástico);—;150 psi (ver catálogo);3;80;302;261.25;0.864;Sch40;77.9;Butterfly Valves 200.pdf, p.4;
Mariposa;Crane / Center Line;Series 200 (asiento elástico);—;150 psi (ver catálogo);4;100;600;519.03;0.651;Sch40;102.3;Butterfly Valves 200.pdf, p.4;
Mariposa;Crane / Center Line;Series 200 (asiento elástico);—;150 psi (ver catálogo);5;125;1022;884.08;0.552;Sch40;128.1;Butterfly Valves 200.pdf, p.4;
Mariposa;Crane / Center Line;Series 200 (asiento elástico);—;150 psi (ver catálogo);6;150;1579;1365.92;0.484;Sch40;154.1;Butterfly Valves 200.pdf, p.4;
Mariposa;Crane / Center Line;Series 200 (asiento elástico);—;150 psi (ver catálogo);8;200;3136;2712.8;0.367;Sch40;202.7;Butterfly Valves 200.pdf, p.4;
Mariposa;Crane / Center Line;Series 200 (asiento elástico);—;150 psi (ver catálogo);10;250;5340;4619.38;0.314;Sch40;254.4;Butterfly Valves 200.pdf, p.4;
Mariposa;Crane / Center Line;Series 200 (asiento elástico);—;150 psi (ver catálogo);12;300;8250;7136.68;0.266;Sch40;303.3;Butterfly Valves 200.pdf, p.4;
Mariposa;Crane / Center Line;Series 200 (asiento elástico);—;150 psi (ver catálogo);14;350;11917;10308.82;0.186;Sch40;333.4;Butterfly Valves 200.pdf, p.4;
Mariposa;Crane / Center Line;Series 200 (asiento elástico);—;150 psi (ver catálogo);16;400;16388;14176.47;0.168;Sch40;381.0;Butterfly Valves 200.pdf, p.4;
Mariposa;Crane / Center Line;Series 200 (asiento elástico);—;150 psi (ver catálogo);18;450;21705;18775.95;0.153;Sch40;428.6;Butterfly Valves 200.pdf, p.4;
Mariposa;Crane / Center Line;Series 200 (asiento elástico);—;150 psi (ver catálogo);20;500;27908;24141.87;0.143;Sch40;477.8;Butterfly Valves 200.pdf, p.4;
Mariposa;Crane / Center Line;Series 200 (asiento elástico);—;150 psi (ver catálogo);24;600;43116;37297.58;0.126;Sch40;574.8;Butterfly Valves 200.pdf, p.4;
Mariposa;Crane / Center Line;Series 200 (asiento elástico);—;150 psi (ver catálogo);30;750;73426;63517.3;0.109;Sch40;723.8;Butterfly Valves 200.pdf, p.4;
Mariposa;Crane / Center Line;Gem y Quartermaster (asiento elástico);—;ver catálogo;2;50;115;99.48;1.23;Sch40;52.5;Butterfly Valves (1).pdf, p.5 y p.10;
Mariposa;Crane / Center Line;Gem y Quartermaster (asiento elástico);—;ver catálogo;2-1/2;65;196;169.55;0.856;Sch40;62.6;Butterfly Valves (1).pdf, p.5 y p.10;
Mariposa;Crane / Center Line;Gem y Quartermaster (asiento elástico);—;ver catálogo;3;80;302;261.25;0.864;Sch40;77.9;Butterfly Valves (1).pdf, p.5 y p.10;
Mariposa;Crane / Center Line;Gem y Quartermaster (asiento elástico);—;ver catálogo;4;100;600;519.03;0.651;Sch40;102.3;Butterfly Valves (1).pdf, p.5 y p.10;
Mariposa;Crane / Center Line;Gem y Quartermaster (asiento elástico);—;ver catálogo;5;125;1022;884.08;0.552;Sch40;128.1;Butterfly Valves (1).pdf, p.5 y p.10;
Mariposa;Crane / Center Line;Gem y Quartermaster (asiento elástico);—;ver catálogo;6;150;1579;1365.92;0.484;Sch40;154.1;Butterfly Valves (1).pdf, p.5 y p.10;
Mariposa;Crane / Center Line;Gem y Quartermaster (asiento elástico);—;ver catálogo;8;200;3136;2712.8;0.367;Sch40;202.7;Butterfly Valves (1).pdf, p.5 y p.10;
Mariposa;Crane / Center Line;Gem y Quartermaster (asiento elástico);—;ver catálogo;10;250;5340;4619.38;0.314;Sch40;254.4;Butterfly Valves (1).pdf, p.5 y p.10;
Mariposa;Crane / Center Line;Gem y Quartermaster (asiento elástico);—;ver catálogo;12;300;8250;7136.68;0.266;Sch40;303.3;Butterfly Valves (1).pdf, p.5 y p.10;
Mariposa;Crane / Center Line;Gem y Quartermaster (asiento elástico);—;ver catálogo;14;350;11917;10308.82;0.186;Sch40;333.4;Butterfly Valves (1).pdf, p.5 y p.10;
Mariposa;Crane / Center Line;Gem y Quartermaster (asiento elástico);—;ver catálogo;16;400;16388;14176.47;0.168;Sch40;381.0;Butterfly Valves (1).pdf, p.5 y p.10;
Mariposa;Crane / Center Line;Gem y Quartermaster (asiento elástico);—;ver catálogo;18;450;21705;18775.95;0.153;Sch40;428.6;Butterfly Valves (1).pdf, p.5 y p.10;
Mariposa;Crane / Center Line;Gem y Quartermaster (asiento elástico);—;ver catálogo;20;500;27908;24141.87;0.143;Sch40;477.8;Butterfly Valves (1).pdf, p.5 y p.10;
Mariposa;Crane / Center Line;Gem y Quartermaster (asiento elástico);—;ver catálogo;24;600;43116;37297.58;0.126;Sch40;574.8;Butterfly Valves (1).pdf, p.5 y p.10;
Mariposa;Crane / Center Line;Monarch (servicio pesado);—;ver catálogo;2;50;115;99.48;1.23;Sch40;52.5;Butterfly Valves (1).pdf, p.14;"La columna de 10° de 6""–24"" es idéntica a la de Gem/Series 200 (posible copia en el catálogo)"
Mariposa;Crane / Center Line;Monarch (servicio pesado);—;ver catálogo;2-1/2;65;196;169.55;0.856;Sch40;62.6;Butterfly Valves (1).pdf, p.14;"La columna de 10° de 6""–24"" es idéntica a la de Gem/Series 200 (posible copia en el catálogo)"
Mariposa;Crane / Center Line;Monarch (servicio pesado);—;ver catálogo;3;80;302;261.25;0.864;Sch40;77.9;Butterfly Valves (1).pdf, p.14;"La columna de 10° de 6""–24"" es idéntica a la de Gem/Series 200 (posible copia en el catálogo)"
Mariposa;Crane / Center Line;Monarch (servicio pesado);—;ver catálogo;4;100;600;519.03;0.651;Sch40;102.3;Butterfly Valves (1).pdf, p.14;"La columna de 10° de 6""–24"" es idéntica a la de Gem/Series 200 (posible copia en el catálogo)"
Mariposa;Crane / Center Line;Monarch (servicio pesado);—;ver catálogo;5;125;1022;884.08;0.552;Sch40;128.1;Butterfly Valves (1).pdf, p.14;"La columna de 10° de 6""–24"" es idéntica a la de Gem/Series 200 (posible copia en el catálogo)"
Mariposa;Crane / Center Line;Monarch (servicio pesado);—;ver catálogo;6;150;1320;1141.87;0.693;Sch40;154.1;Butterfly Valves (1).pdf, p.14;"La columna de 10° de 6""–24"" es idéntica a la de Gem/Series 200 (posible copia en el catálogo)"
Mariposa;Crane / Center Line;Monarch (servicio pesado);—;ver catálogo;8;200;2165;1872.84;0.771;Sch40;202.7;Butterfly Valves (1).pdf, p.14;"La columna de 10° de 6""–24"" es idéntica a la de Gem/Series 200 (posible copia en el catálogo)"
Mariposa;Crane / Center Line;Monarch (servicio pesado);—;ver catálogo;10;250;3353;2900.52;0.798;Sch40;254.4;Butterfly Valves (1).pdf, p.14;"La columna de 10° de 6""–24"" es idéntica a la de Gem/Series 200 (posible copia en el catálogo)"
Mariposa;Crane / Center Line;Monarch (servicio pesado);—;ver catálogo;12;300;5827;5040.66;0.534;Sch40;303.3;Butterfly Valves (1).pdf, p.14;"La columna de 10° de 6""–24"" es idéntica a la de Gem/Series 200 (posible copia en el catálogo)"
Mariposa;Crane / Center Line;Monarch (servicio pesado);—;ver catálogo;14;350;7037;6087.37;0.534;Sch40;333.4;Butterfly Valves (1).pdf, p.14;"La columna de 10° de 6""–24"" es idéntica a la de Gem/Series 200 (posible copia en el catálogo)"
Mariposa;Crane / Center Line;Monarch (servicio pesado);—;ver catálogo;16;400;10416;9010.38;0.416;Sch40;381.0;Butterfly Valves (1).pdf, p.14;"La columna de 10° de 6""–24"" es idéntica a la de Gem/Series 200 (posible copia en el catálogo)"
Mariposa;Crane / Center Line;Monarch (servicio pesado);—;ver catálogo;18;450;12215;10566.61;0.484;Sch40;428.6;Butterfly Valves (1).pdf, p.14;"La columna de 10° de 6""–24"" es idéntica a la de Gem/Series 200 (posible copia en el catálogo)"
Mariposa;Crane / Center Line;Monarch (servicio pesado);—;ver catálogo;20;500;15959;13805.36;0.438;Sch40;477.8;Butterfly Valves (1).pdf, p.14;"La columna de 10° de 6""–24"" es idéntica a la de Gem/Series 200 (posible copia en el catálogo)"
Mariposa;Crane / Center Line;Monarch (servicio pesado);—;ver catálogo;24;600;20869;18052.77;0.537;Sch40;574.8;Butterfly Valves (1).pdf, p.14;"La columna de 10° de 6""–24"" es idéntica a la de Gem/Series 200 (posible copia en el catálogo)"
Mariposa;Flowseal (Crane);Soft Seat HPBV;—;ASME 150;2;50;102;88.24;1.56;Sch40;52.5;Soft seat butterfly Valves.pdf, p.5;Asiento aguas arriba (SUS)
Mariposa;Flowseal (Crane);Soft Seat HPBV;—;ASME 150;2-1/2;65;146;126.3;1.54;Sch40;62.6;Soft seat butterfly Valves.pdf, p.5;Asiento aguas arriba (SUS)
Mariposa;Flowseal (Crane);Soft Seat HPBV;—;ASME 150;3;80;228;197.23;1.52;Sch40;77.9;Soft seat butterfly Valves.pdf, p.5;Asiento aguas arriba (SUS)
Mariposa;Flowseal (Crane);Soft Seat HPBV;—;ASME 150;3-1/2;90;349;301.9;1.16;Sch40;90.2;Soft seat butterfly Valves.pdf, p.5;Asiento aguas arriba (SUS)
Mariposa;Flowseal (Crane);Soft Seat HPBV;—;ASME 150;4;100;451;390.14;1.15;Sch40;102.3;Soft seat butterfly Valves.pdf, p.5;Asiento aguas arriba (SUS)
Mariposa;Flowseal (Crane);Soft Seat HPBV;—;ASME 150;5;125;714;617.65;1.13;Sch40;128.1;Soft seat butterfly Valves.pdf, p.5;Asiento aguas arriba (SUS)
Mariposa;Flowseal (Crane);Soft Seat HPBV;—;ASME 150;6;150;1103;954.15;0.992;Sch40;154.1;Soft seat butterfly Valves.pdf, p.5;Asiento aguas arriba (SUS)
Mariposa;Flowseal (Crane);Soft Seat HPBV;—;ASME 150;8;200;2064;1785.47;0.848;Sch40;202.7;Soft seat butterfly Valves.pdf, p.5;Asiento aguas arriba (SUS)
Mariposa;Flowseal (Crane);Soft Seat HPBV;—;ASME 150;10;250;3517;3042.39;0.725;Sch40;254.4;Soft seat butterfly Valves.pdf, p.5;Asiento aguas arriba (SUS)
Mariposa;Flowseal (Crane);Soft Seat HPBV;—;ASME 150;12;300;4837;4184.26;0.774;Sch40;303.3;Soft seat butterfly Valves.pdf, p.5;Asiento aguas arriba (SUS)
Mariposa;Flowseal (Crane);Soft Seat HPBV;—;ASME 150;14;350;6857;5931.66;0.563;Sch40;333.4;Soft seat butterfly Valves.pdf, p.5;Asiento aguas arriba (SUS)
Mariposa;Flowseal (Crane);Soft Seat HPBV;—;ASME 150;16;400;9287;8033.74;0.523;Sch40;381.0;Soft seat butterfly Valves.pdf, p.5;Asiento aguas arriba (SUS)
Mariposa;Flowseal (Crane);Soft Seat HPBV;—;ASME 150;18;450;11400;9861.59;0.556;Sch40;428.6;Soft seat butterfly Valves.pdf, p.5;Asiento aguas arriba (SUS)
Mariposa;Flowseal (Crane);Soft Seat HPBV;—;ASME 150;20;500;14420;12474.05;0.537;Sch40;477.8;Soft seat butterfly Valves.pdf, p.5;Asiento aguas arriba (SUS)
Mariposa;Flowseal (Crane);Soft Seat HPBV;—;ASME 150;24;600;22050;19074.39;0.481;Sch40;574.8;Soft seat butterfly Valves.pdf, p.5;Asiento aguas arriba (SUS)
Mariposa;Flowseal (Crane);Soft Seat HPBV;—;ASME 150;30;750;34388;29747.4;0.497;Sch40;723.8;Soft seat butterfly Valves.pdf, p.5;Asiento aguas arriba (SUS)
Mariposa;Flowseal (Crane);Soft Seat HPBV;—;ASME 150;36;900;47160;40795.85;0.567;Sch40;876.2;Soft seat butterfly Valves.pdf, p.5;Asiento aguas arriba (SUS)
Mariposa;Flowseal (Crane);Soft Seat HPBV;—;ASME 150;42;1050;64190;55527.68;0.626;STD;1047.7;Soft seat butterfly Valves.pdf, p.5;Asiento aguas arriba (SUS)
Mariposa;Flowseal (Crane);Soft Seat HPBV;—;ASME 150;48;1200;83840;72525.95;0.632;STD;1200.1;Soft seat butterfly Valves.pdf, p.5;Asiento aguas arriba (SUS)
Mariposa;Flowseal (Crane);Soft Seat HPBV;—;ASME 300;2;50;100;86.51;1.63;Sch40;52.5;Soft seat butterfly Valves.pdf, p.5;Asiento aguas arriba (SUS)
Mariposa;Flowseal (Crane);Soft Seat HPBV;—;ASME 300;2-1/2;65;143;123.7;1.61;Sch40;62.6;Soft seat butterfly Valves.pdf, p.5;Asiento aguas arriba (SUS)
Mariposa;Flowseal (Crane);Soft Seat HPBV;—;ASME 300;3;80;223;192.91;1.59;Sch40;77.9;Soft seat butterfly Valves.pdf, p.5;Asiento aguas arriba (SUS)
Mariposa;Flowseal (Crane);Soft Seat HPBV;—;ASME 300;3-1/2;90;336;290.66;1.26;Sch40;90.2;Soft seat butterfly Valves.pdf, p.5;Asiento aguas arriba (SUS)
Mariposa;Flowseal (Crane);Soft Seat HPBV;—;ASME 300;4;100;435;376.3;1.24;Sch40;102.3;Soft seat butterfly Valves.pdf, p.5;Asiento aguas arriba (SUS)
Mariposa;Flowseal (Crane);Soft Seat HPBV;—;ASME 300;5;125;688;595.16;1.22;Sch40;128.1;Soft seat butterfly Valves.pdf, p.5;Asiento aguas arriba (SUS)
Mariposa;Flowseal (Crane);Soft Seat HPBV;—;ASME 300;6;150;1041;900.52;1.11;Sch40;154.1;Soft seat butterfly Valves.pdf, p.5;Asiento aguas arriba (SUS)
Mariposa;Flowseal (Crane);Soft Seat HPBV;—;ASME 300;8;200;1911;1653.11;0.99;Sch40;202.7;Soft seat butterfly Valves.pdf, p.5;Asiento aguas arriba (SUS)
Mariposa;Flowseal (Crane);Soft Seat HPBV;—;ASME 300;10;250;3194;2762.98;0.879;Sch40;254.4;Soft seat butterfly Valves.pdf, p.5;Asiento aguas arriba (SUS)
Mariposa;Flowseal (Crane);Soft Seat HPBV;—;ASME 300;12;300;4428;3830.45;0.924;Sch40;303.3;Soft seat butterfly Valves.pdf, p.5;Asiento aguas arriba (SUS)
Mariposa;Flowseal (Crane);Soft Seat HPBV;—;ASME 300;14;350;5702;4932.53;0.813;Sch40;333.4;Soft seat butterfly Valves.pdf, p.5;Asiento aguas arriba (SUS)
Mariposa;Flowseal (Crane);Soft Seat HPBV;—;ASME 300;16;400;8243;7130.62;0.664;Sch40;381.0;Soft seat butterfly Valves.pdf, p.5;Asiento aguas arriba (SUS)
Mariposa;Flowseal (Crane);Soft Seat HPBV;—;ASME 300;18;450;9712;8401.38;0.766;Sch40;428.6;Soft seat butterfly Valves.pdf, p.5;Asiento aguas arriba (SUS)
Mariposa;Flowseal (Crane);Soft Seat HPBV;—;ASME 300;20;500;10658;9219.72;0.982;Sch40;477.8;Soft seat butterfly Valves.pdf, p.5;Asiento aguas arriba (SUS)
Mariposa;Flowseal (Crane);Soft Seat HPBV;—;ASME 300;24;600;16205;14018.17;0.89;Sch40;574.8;Soft seat butterfly Valves.pdf, p.5;Asiento aguas arriba (SUS)
Mariposa;Flowseal (Crane);Soft Seat HPBV;—;ASME 300;30;750;28245;24433.39;0.736;Sch40;723.8;Soft seat butterfly Valves.pdf, p.5;Asiento aguas arriba (SUS)
Mariposa;Flowseal (Crane);Soft Seat HPBV;—;ASME 600;2;50;93;80.45;1.88;Sch40;52.5;Soft seat butterfly Valves.pdf, p.5;Asiento aguas arriba (SUS)
Mariposa;Flowseal (Crane);Soft Seat HPBV;—;ASME 600;2-1/2;65;133;115.05;1.86;Sch40;62.6;Soft seat butterfly Valves.pdf, p.5;Asiento aguas arriba (SUS)
Mariposa;Flowseal (Crane);Soft Seat HPBV;—;ASME 600;3;80;208;179.93;1.82;Sch40;77.9;Soft seat butterfly Valves.pdf, p.5;Asiento aguas arriba (SUS)
Mariposa;Flowseal (Crane);Soft Seat HPBV;—;ASME 600;4;100;387;334.78;1.57;Sch40;102.3;Soft seat butterfly Valves.pdf, p.5;Asiento aguas arriba (SUS)
Mariposa;Flowseal (Crane);Soft Seat HPBV;—;ASME 600;6;150;979;846.89;1.26;Sch40;154.1;Soft seat butterfly Valves.pdf, p.5;Asiento aguas arriba (SUS)
Mariposa;Flowseal (Crane);Soft Seat HPBV;—;ASME 600;8;200;1788;1546.71;1.13;Sch40;202.7;Soft seat butterfly Valves.pdf, p.5;Asiento aguas arriba (SUS)
Mariposa;Flowseal (Crane);Soft Seat HPBV;—;ASME 600;10;250;2747;2376.3;1.19;Sch40;254.4;Soft seat butterfly Valves.pdf, p.5;Asiento aguas arriba (SUS)
Mariposa;Flowseal (Crane);Soft Seat HPBV;—;ASME 600;12;300;3891;3365.92;1.2;Sch40;303.3;Soft seat butterfly Valves.pdf, p.5;Asiento aguas arriba (SUS)
Mariposa;Flowseal (Crane);Soft Seat HPBV;—;ASME 600;14;350;4873;4215.4;1.11;Sch40;333.4;Soft seat butterfly Valves.pdf, p.5;Asiento aguas arriba (SUS)
Mariposa;Flowseal (Crane);Soft Seat HPBV;—;ASME 600;16;400;6424;5557.09;1.09;Sch40;381.0;Soft seat butterfly Valves.pdf, p.5;Asiento aguas arriba (SUS)
Mariposa;Velan;Triple excéntrica metal-metal;—;ASME 150;3;80;150;129.76;3.5;Sch40;77.9;Butterfly Valves 3-36 150#-300#.pdf, p.10;"La tabla de las págs. 26–27 del mismo catálogo da otros Cv (6"": 1600)"
Mariposa;Velan;Triple excéntrica metal-metal;—;ASME 150;4;100;280;242.21;2.99;Sch40;102.3;Butterfly Valves 3-36 150#-300#.pdf, p.10;"La tabla de las págs. 26–27 del mismo catálogo da otros Cv (6"": 1600)"
Mariposa;Velan;Triple excéntrica metal-metal;—;ASME 150;6;150;760;657.44;2.09;Sch40;154.1;Butterfly Valves 3-36 150#-300#.pdf, p.10;"La tabla de las págs. 26–27 del mismo catálogo da otros Cv (6"": 1600)"
Mariposa;Velan;Triple excéntrica metal-metal;—;ASME 150;8;200;1360;1176.47;1.95;Sch40;202.7;Butterfly Valves 3-36 150#-300#.pdf, p.10;"La tabla de las págs. 26–27 del mismo catálogo da otros Cv (6"": 1600)"
Mariposa;Velan;Triple excéntrica metal-metal;—;ASME 150;10;250;2220;1920.42;1.82;Sch40;254.4;Butterfly Valves 3-36 150#-300#.pdf, p.10;"La tabla de las págs. 26–27 del mismo catálogo da otros Cv (6"": 1600)"
Mariposa;Velan;Triple excéntrica metal-metal;—;ASME 150;12;300;3600;3114.19;1.4;Sch40;303.3;Butterfly Valves 3-36 150#-300#.pdf, p.10;"La tabla de las págs. 26–27 del mismo catálogo da otros Cv (6"": 1600)"
Mariposa;Velan;Triple excéntrica metal-metal;—;ASME 150;14;350;5200;4498.27;0.978;Sch40;333.4;Butterfly Valves 3-36 150#-300#.pdf, p.10;"La tabla de las págs. 26–27 del mismo catálogo da otros Cv (6"": 1600)"
Mariposa;Velan;Triple excéntrica metal-metal;—;ASME 150;16;400;7200;6228.37;0.87;Sch40;381.0;Butterfly Valves 3-36 150#-300#.pdf, p.10;"La tabla de las págs. 26–27 del mismo catálogo da otros Cv (6"": 1600)"
Mariposa;Velan;Triple excéntrica metal-metal;—;ASME 150;18;450;9600;8304.5;0.784;Sch40;428.6;Butterfly Valves 3-36 150#-300#.pdf, p.10;"La tabla de las págs. 26–27 del mismo catálogo da otros Cv (6"": 1600)"
Mariposa;Velan;Triple excéntrica metal-metal;—;ASME 150;20;500;12550;10856.4;0.708;Sch40;477.8;Butterfly Valves 3-36 150#-300#.pdf, p.10;"La tabla de las págs. 26–27 del mismo catálogo da otros Cv (6"": 1600)"
Mariposa;Velan;Triple excéntrica metal-metal;—;ASME 150;24;600;18900;16349.48;0.654;Sch40;574.8;Butterfly Valves 3-36 150#-300#.pdf, p.10;"La tabla de las págs. 26–27 del mismo catálogo da otros Cv (6"": 1600)"
Mariposa;Velan;Triple excéntrica metal-metal;—;ASME 150;30;750;31400;27162.63;0.596;Sch40;723.8;Butterfly Valves 3-36 150#-300#.pdf, p.10;"La tabla de las págs. 26–27 del mismo catálogo da otros Cv (6"": 1600)"
Mariposa;Velan;Triple excéntrica metal-metal;—;ASME 150;36;900;44900;38840.83;0.626;Sch40;876.2;Butterfly Valves 3-36 150#-300#.pdf, p.10;"La tabla de las págs. 26–27 del mismo catálogo da otros Cv (6"": 1600)"
Mariposa;Velan;Triple excéntrica metal-metal;—;ASME 300;3;80;150;129.76;3.5;Sch40;77.9;Butterfly Valves 3-36 150#-300#.pdf, p.10;
Mariposa;Velan;Triple excéntrica metal-metal;—;ASME 300;4;100;280;242.21;2.99;Sch40;102.3;Butterfly Valves 3-36 150#-300#.pdf, p.10;
Mariposa;Velan;Triple excéntrica metal-metal;—;ASME 300;6;150;760;657.44;2.09;Sch40;154.1;Butterfly Valves 3-36 150#-300#.pdf, p.10;
Mariposa;Velan;Triple excéntrica metal-metal;—;ASME 300;8;200;1260;1089.97;2.28;Sch40;202.7;Butterfly Valves 3-36 150#-300#.pdf, p.10;
Mariposa;Velan;Triple excéntrica metal-metal;—;ASME 300;10;250;2030;1756.06;2.18;Sch40;254.4;Butterfly Valves 3-36 150#-300#.pdf, p.10;
Mariposa;Velan;Triple excéntrica metal-metal;—;ASME 300;12;300;3050;2638.41;1.95;Sch40;303.3;Butterfly Valves 3-36 150#-300#.pdf, p.10;
Mariposa;Velan;Triple excéntrica metal-metal;—;ASME 300;14;350;4660;4031.14;1.22;Sch40;333.4;Butterfly Valves 3-36 150#-300#.pdf, p.10;
Mariposa;Velan;Triple excéntrica metal-metal;—;ASME 300;16;400;6450;5579.58;1.08;Sch40;381.0;Butterfly Valves 3-36 150#-300#.pdf, p.10;
Mariposa;Velan;Triple excéntrica metal-metal;—;ASME 300;18;450;8640;7474.05;0.968;Sch40;428.6;Butterfly Valves 3-36 150#-300#.pdf, p.10;
Mariposa;Velan;Triple excéntrica metal-metal;—;ASME 300;20;500;11420;9878.89;0.855;Sch40;477.8;Butterfly Valves 3-36 150#-300#.pdf, p.10;
Mariposa;Velan;Triple excéntrica metal-metal;—;ASME 300;24;600;17200;14878.89;0.79;Sch40;574.8;Butterfly Valves 3-36 150#-300#.pdf, p.10;
Mariposa;Velan;Triple excéntrica metal-metal;—;ASME 300;30;750;29600;25605.54;0.671;Sch40;723.8;Butterfly Valves 3-36 150#-300#.pdf, p.10;
Mariposa;Velan;Triple excéntrica metal-metal;—;ASME 300;36;900;44000;38062.28;0.652;Sch40;876.2;Butterfly Valves 3-36 150#-300#.pdf, p.10;
Mariposa;Velan;Triple excéntrica bridada (tabla dimensional);—;ASME 150;3;80;500;432.53;0.315;Sch40;77.9;Butterfly Valves 3-36 150#-300#.pdf, p.26–27;"Contradice la tabla de la pág. 10 (6"": 760). Confirmar con Velan cuál aplica"
Mariposa;Velan;Triple excéntrica bridada (tabla dimensional);—;ASME 150;4;100;800;692.04;0.366;Sch40;102.3;Butterfly Valves 3-36 150#-300#.pdf, p.26–27;"Contradice la tabla de la pág. 10 (6"": 760). Confirmar con Velan cuál aplica"
Mariposa;Velan;Triple excéntrica bridada (tabla dimensional);—;ASME 150;6;150;1600;1384.08;0.472;Sch40;154.1;Butterfly Valves 3-36 150#-300#.pdf, p.26–27;"Contradice la tabla de la pág. 10 (6"": 760). Confirmar con Velan cuál aplica"
Mariposa;Velan;Triple excéntrica bridada (tabla dimensional);—;ASME 150;8;200;2400;2076.12;0.627;Sch40;202.7;Butterfly Valves 3-36 150#-300#.pdf, p.26–27;"Contradice la tabla de la pág. 10 (6"": 760). Confirmar con Velan cuál aplica"
Mariposa;Velan;Triple excéntrica bridada (tabla dimensional);—;ASME 150;10;250;3900;3373.7;0.589;Sch40;254.4;Butterfly Valves 3-36 150#-300#.pdf, p.26–27;"Contradice la tabla de la pág. 10 (6"": 760). Confirmar con Velan cuál aplica"
Mariposa;Velan;Triple excéntrica bridada (tabla dimensional);—;ASME 150;12;300;5200;4498.27;0.67;Sch40;303.3;Butterfly Valves 3-36 150#-300#.pdf, p.26–27;"Contradice la tabla de la pág. 10 (6"": 760). Confirmar con Velan cuál aplica"
Mariposa;Velan;Triple excéntrica bridada (tabla dimensional);—;ASME 150;14;350;8200;7093.43;0.393;Sch40;333.4;Butterfly Valves 3-36 150#-300#.pdf, p.26–27;"Contradice la tabla de la pág. 10 (6"": 760). Confirmar con Velan cuál aplica"
Mariposa;Velan;Triple excéntrica bridada (tabla dimensional);—;ASME 150;16;400;11000;9515.57;0.373;Sch40;381.0;Butterfly Valves 3-36 150#-300#.pdf, p.26–27;"Contradice la tabla de la pág. 10 (6"": 760). Confirmar con Velan cuál aplica"
Mariposa;Velan;Triple excéntrica bridada (tabla dimensional);—;ASME 150;18;450;12500;10813.15;0.462;Sch40;428.6;Butterfly Valves 3-36 150#-300#.pdf, p.26–27;"Contradice la tabla de la pág. 10 (6"": 760). Confirmar con Velan cuál aplica"
Mariposa;Velan;Triple excéntrica bridada (tabla dimensional);—;ASME 150;20;500;16200;14013.84;0.425;Sch40;477.8;Butterfly Valves 3-36 150#-300#.pdf, p.26–27;"Contradice la tabla de la pág. 10 (6"": 760). Confirmar con Velan cuál aplica"
Mariposa;Velan;Triple excéntrica bridada (tabla dimensional);—;ASME 150;24;600;25000;21626.3;0.374;Sch40;574.8;Butterfly Valves 3-36 150#-300#.pdf, p.26–27;"Contradice la tabla de la pág. 10 (6"": 760). Confirmar con Velan cuál aplica"
Mariposa;Velan;Triple excéntrica bridada (tabla dimensional);—;ASME 150;28;700;33500;28979.24;0.438;STD;692.2;Butterfly Valves 3-36 150#-300#.pdf, p.26–27;"Contradice la tabla de la pág. 10 (6"": 760). Confirmar con Velan cuál aplica"
Mariposa;Velan;Triple excéntrica bridada (tabla dimensional);—;ASME 150;30;750;38000;32871.97;0.407;Sch40;723.8;Butterfly Valves 3-36 150#-300#.pdf, p.26–27;"Contradice la tabla de la pág. 10 (6"": 760). Confirmar con Velan cuál aplica"
Mariposa;Velan;Triple excéntrica bridada (tabla dimensional);—;ASME 150;32;800;43000;37197.23;0.424;Sch40;777.8;Butterfly Valves 3-36 150#-300#.pdf, p.26–27;"Contradice la tabla de la pág. 10 (6"": 760). Confirmar con Velan cuál aplica"
Mariposa;Velan;Triple excéntrica bridada (tabla dimensional);—;ASME 150;36;900;53000;45847.75;0.449;Sch40;876.2;Butterfly Valves 3-36 150#-300#.pdf, p.26–27;"Contradice la tabla de la pág. 10 (6"": 760). Confirmar con Velan cuál aplica"
Mariposa;FMC (PS Sheet 59.8:070);Type A11 alta presión;—;ASME 600;30;750;14000;12110.73;3.0;Sch40;723.8;Butterfly Valve Type A11.PDF, p.3;
Mariposa;FMC (PS Sheet 59.8:070);Type A11 alta presión;—;ASME 600;36;900;20800;17993.08;2.92;Sch40;876.2;Butterfly Valve Type A11.PDF, p.3;
Mariposa;FMC (PS Sheet 59.8:070);Type A11 alta presión;—;ASME 600;42;1050;23900;20674.74;4.52;STD;1047.7;Butterfly Valve Type A11.PDF, p.3;
Mariposa;FMC (PS Sheet 59.8:070);Type A11 alta presión;—;ASME 600;48;1200;30700;26557.09;4.71;STD;1200.1;Butterfly Valve Type A11.PDF, p.3;
Mariposa;FMC (PS Sheet 59.8:070);Type A11 alta presión;—;ASME 900;6;150;434;375.43;6.41;Sch40;154.1;Butterfly Valve Type A11.PDF, p.3;"Clase 900: Cv 12"" (1260) < Cv 10"" (1410), incoherencia del catálogo"
Mariposa;FMC (PS Sheet 59.8:070);Type A11 alta presión;—;ASME 900;8;200;741;641.0;6.58;Sch40;202.7;Butterfly Valve Type A11.PDF, p.3;"Clase 900: Cv 12"" (1260) < Cv 10"" (1410), incoherencia del catálogo"
Mariposa;FMC (PS Sheet 59.8:070);Type A11 alta presión;—;ASME 900;10;250;1410;1219.72;4.51;Sch40;254.4;Butterfly Valve Type A11.PDF, p.3;"Clase 900: Cv 12"" (1260) < Cv 10"" (1410), incoherencia del catálogo"
Mariposa;FMC (PS Sheet 59.8:070);Type A11 alta presión;—;ASME 900;12;300;1260;1089.97;11.41;Sch40;303.3;Butterfly Valve Type A11.PDF, p.3;"Clase 900: Cv 12"" (1260) < Cv 10"" (1410), incoherencia del catálogo"
Mariposa;FMC (PS Sheet 59.8:070);Type A11 alta presión;—;ASME 900;14;350;2770;2396.19;3.45;Sch40;333.4;Butterfly Valve Type A11.PDF, p.3;"Clase 900: Cv 12"" (1260) < Cv 10"" (1410), incoherencia del catálogo"
Mariposa;FMC (PS Sheet 59.8:070);Type A11 alta presión;—;ASME 900;16;400;3500;3027.68;3.68;Sch40;381.0;Butterfly Valve Type A11.PDF, p.3;"Clase 900: Cv 12"" (1260) < Cv 10"" (1410), incoherencia del catálogo"
Mariposa;FMC (PS Sheet 59.8:070);Type A11 alta presión;—;ASME 900;18;450;4550;3935.99;3.49;Sch40;428.6;Butterfly Valve Type A11.PDF, p.3;"Clase 900: Cv 12"" (1260) < Cv 10"" (1410), incoherencia del catálogo"
Mariposa;FMC (PS Sheet 59.8:070);Type A11 alta presión;—;ASME 900;24;600;8240;7128.03;3.44;Sch40;574.8;Butterfly Valve Type A11.PDF, p.3;"Clase 900: Cv 12"" (1260) < Cv 10"" (1410), incoherencia del catálogo"
Mariposa;FMC (PS Sheet 59.8:070);Type A11 alta presión;—;ASME 900;30;750;12500;10813.15;3.76;Sch40;723.8;Butterfly Valve Type A11.PDF, p.3;"Clase 900: Cv 12"" (1260) < Cv 10"" (1410), incoherencia del catálogo"
Mariposa;FMC (PS Sheet 59.8:070);Type A11 alta presión;—;ASME 900;36;900;22900;19809.69;2.41;Sch40;876.2;Butterfly Valve Type A11.PDF, p.3;"Clase 900: Cv 12"" (1260) < Cv 10"" (1410), incoherencia del catálogo"
Mariposa;FMC (PS Sheet 59.8:070);Type A11 alta presión;—;ASME 1500;10;250;737;637.54;16.51;Sch40;254.4;Butterfly Valve Type A11.PDF, p.3;
Mariposa;FMC (PS Sheet 59.8:070);Type A11 alta presión;—;ASME 1500;12;300;1270;1098.62;11.23;Sch40;303.3;Butterfly Valve Type A11.PDF, p.3;
Mariposa;FMC (PS Sheet 59.8:070);Type A11 alta presión;—;ASME 1500;14;350;1380;1193.77;13.89;Sch40;333.4;Butterfly Valve Type A11.PDF, p.3;
Mariposa;FMC (PS Sheet 59.8:070);Type A11 alta presión;—;ASME 1500;16;400;1810;1565.74;13.77;Sch40;381.0;Butterfly Valve Type A11.PDF, p.3;
Mariposa;FMC (PS Sheet 59.8:070);Type A11 alta presión;—;ASME 1500;18;450;2770;2396.19;9.41;Sch40;428.6;Butterfly Valve Type A11.PDF, p.3;
Mariposa;FMC (PS Sheet 59.8:070);Type A11 alta presión;—;ASME 1500;20;500;3390;2932.53;9.71;Sch40;477.8;Butterfly Valve Type A11.PDF, p.3;
Mariposa;FMC (PS Sheet 59.8:070);Type A11 alta presión;—;ASME 1500;24;600;5780;5000.0;6.99;Sch40;574.8;Butterfly Valve Type A11.PDF, p.3;
Tajadera;Velan;Knife gate asiento metálico;Total;150 psi;2;50;380;328.72;0.113;Sch40;52.5;Knife Gate Valves.pdf, p.5;
Tajadera;Velan;Knife gate asiento metálico;Total;150 psi;3;80;920;795.85;0.093;Sch40;77.9;Knife Gate Valves.pdf, p.5;
Tajadera;Velan;Knife gate asiento metálico;Total;150 psi;4;100;1690;1461.94;0.082;Sch40;102.3;Knife Gate Valves.pdf, p.5;
Tajadera;Velan;Knife gate asiento metálico;Total;150 psi;6;150;3900;3373.7;0.079;Sch40;154.1;Knife Gate Valves.pdf, p.5;
Tajadera;Velan;Knife gate asiento metálico;Total;150 psi;8;200;7200;6228.37;0.07;Sch40;202.7;Knife Gate Valves.pdf, p.5;
Tajadera;Velan;Knife gate asiento metálico;Total;150 psi;10;250;11000;9515.57;0.074;Sch40;254.4;Knife Gate Valves.pdf, p.5;
Tajadera;Velan;Knife gate asiento metálico;Total;150 psi;12;300;16500;14273.36;0.067;Sch40;303.3;Knife Gate Valves.pdf, p.5;
Tajadera;Velan;Knife gate asiento metálico;Total;150 psi;14;350;20500;17733.56;0.063;Sch40;333.4;Knife Gate Valves.pdf, p.5;
Tajadera;Velan;Knife gate asiento metálico;Total;150 psi;16;400;27000;23356.4;0.062;Sch40;381.0;Knife Gate Valves.pdf, p.5;
Tajadera;Velan;Knife gate asiento metálico;Total;150 psi;18;450;36000;31141.87;0.056;Sch40;428.6;Knife Gate Valves.pdf, p.5;
Tajadera;Velan;Knife gate asiento metálico;Total;150 psi;20;500;45000;38927.34;0.055;Sch40;477.8;Knife Gate Valves.pdf, p.5;
Tajadera;Velan;Knife gate asiento metálico;Total;150 psi;24;600;60000;51903.11;0.065;Sch40;574.8;Knife Gate Valves.pdf, p.5;
Tajadera;Velan;Knife gate asiento metálico;Total;150 psi;30;750;95000;82179.93;0.065;Sch40;723.8;Knife Gate Valves.pdf, p.5;
Tajadera;Velan;Knife gate asiento metálico;Total;150 psi;36;900;138000;119377.16;0.066;Sch40;876.2;Knife Gate Valves.pdf, p.5;
Tajadera;Velan;Knife gate asiento metálico;V-port;150 psi;2;50;90;77.85;2.01;Sch40;52.5;Knife Gate Valves.pdf, p.5;
Tajadera;Velan;Knife gate asiento metálico;V-port;150 psi;3;80;200;173.01;1.97;Sch40;77.9;Knife Gate Valves.pdf, p.5;
Tajadera;Velan;Knife gate asiento metálico;V-port;150 psi;4;100;360;311.42;1.81;Sch40;102.3;Knife Gate Valves.pdf, p.5;
Tajadera;Velan;Knife gate asiento metálico;V-port;150 psi;6;150;820;709.34;1.8;Sch40;154.1;Knife Gate Valves.pdf, p.5;
Tajadera;Velan;Knife gate asiento metálico;V-port;150 psi;8;200;1450;1254.33;1.72;Sch40;202.7;Knife Gate Valves.pdf, p.5;
Tajadera;Velan;Knife gate asiento metálico;V-port;150 psi;10;250;2000;1730.1;2.24;Sch40;254.4;Knife Gate Valves.pdf, p.5;
Tajadera;Velan;Knife gate asiento metálico;V-port;150 psi;12;300;2950;2551.9;2.08;Sch40;303.3;Knife Gate Valves.pdf, p.5;
Tajadera;Velan;Knife gate asiento metálico;V-port;150 psi;14;350;3850;3330.45;1.78;Sch40;333.4;Knife Gate Valves.pdf, p.5;
Tajadera;Velan;Knife gate asiento metálico;V-port;150 psi;16;400;5000;4325.26;1.8;Sch40;381.0;Knife Gate Valves.pdf, p.5;
Tajadera;Velan;Knife gate asiento metálico;V-port;150 psi;18;450;6500;5622.84;1.71;Sch40;428.6;Knife Gate Valves.pdf, p.5;
Tajadera;Velan;Knife gate asiento metálico;V-port;150 psi;20;500;8000;6920.42;1.74;Sch40;477.8;Knife Gate Valves.pdf, p.5;
Tajadera;Velan;Knife gate asiento metálico;V-port;150 psi;24;600;12000;10380.62;1.62;Sch40;574.8;Knife Gate Valves.pdf, p.5;
Tajadera;Velan;Knife gate asiento metálico;V-port;150 psi;30;750;19000;16435.99;1.63;Sch40;723.8;Knife Gate Valves.pdf, p.5;
Tajadera;Velan;Knife gate asiento metálico;V-port;150 psi;36;900;28000;24221.45;1.61;Sch40;876.2;Knife Gate Valves.pdf, p.5;
Tajadera;Velan;Knife gate asiento elástico;Total;150 psi;2;50;330;285.47;0.149;Sch40;52.5;Knife Gate Valves.pdf, p.6;
Tajadera;Velan;Knife gate asiento elástico;Total;150 psi;3;80;670;579.58;0.176;Sch40;77.9;Knife Gate Valves.pdf, p.6;
Tajadera;Velan;Knife gate asiento elástico;Total;150 psi;4;100;1300;1124.57;0.139;Sch40;102.3;Knife Gate Valves.pdf, p.6;
Tajadera;Velan;Knife gate asiento elástico;Total;150 psi;6;150;3300;2854.67;0.111;Sch40;154.1;Knife Gate Valves.pdf, p.6;
Tajadera;Velan;Knife gate asiento elástico;Total;150 psi;8;200;6400;5536.33;0.088;Sch40;202.7;Knife Gate Valves.pdf, p.6;
Tajadera;Velan;Knife gate asiento elástico;Total;150 psi;10;250;10300;8910.03;0.085;Sch40;254.4;Knife Gate Valves.pdf, p.6;
Tajadera;Velan;Knife gate asiento elástico;Total;150 psi;12;300;15000;12975.78;0.081;Sch40;303.3;Knife Gate Valves.pdf, p.6;
Tajadera;Velan;Knife gate asiento elástico;Total;150 psi;14;350;19000;16435.99;0.073;Sch40;333.4;Knife Gate Valves.pdf, p.6;
Tajadera;Velan;Knife gate asiento elástico;Total;150 psi;16;400;25000;21626.3;0.072;Sch40;381.0;Knife Gate Valves.pdf, p.6;
Tajadera;Velan;Knife gate asiento elástico;Total;150 psi;18;450;33600;29065.74;0.064;Sch40;428.6;Knife Gate Valves.pdf, p.6;
Tajadera;Velan;Knife gate asiento elástico;Total;150 psi;20;500;42000;36332.18;0.063;Sch40;477.8;Knife Gate Valves.pdf, p.6;
Tajadera;Velan;Knife gate asiento elástico;Total;150 psi;24;600;59000;51038.06;0.067;Sch40;574.8;Knife Gate Valves.pdf, p.6;
Tajadera;Velan;Knife gate asiento elástico;Total;150 psi;30;750;95000;82179.93;0.065;Sch40;723.8;Knife Gate Valves.pdf, p.6;
Tajadera;Velan;Knife gate asiento elástico;Total;150 psi;36;900;138000;119377.16;0.066;Sch40;876.2;Knife Gate Valves.pdf, p.6;
Tajadera;Velan;Type 33 regulación;"Puerto ""O""";150 psi;3;80;362;313.15;0.602;Sch40;77.9;Knife Gate Valves.pdf, p.17;
Tajadera;Velan;Type 33 regulación;"Puerto ""O""";150 psi;4;100;646;558.82;0.562;Sch40;102.3;Knife Gate Valves.pdf, p.17;
Tajadera;Velan;Type 33 regulación;"Puerto ""O""";150 psi;6;150;1450;1254.33;0.574;Sch40;154.1;Knife Gate Valves.pdf, p.17;
Tajadera;Velan;Type 33 regulación;"Puerto ""O""";150 psi;8;200;2570;2223.18;0.547;Sch40;202.7;Knife Gate Valves.pdf, p.17;
Tajadera;Velan;Type 33 regulación;"Puerto ""O""";150 psi;10;250;3423;2961.07;0.765;Sch40;254.4;Knife Gate Valves.pdf, p.17;
Tajadera;Velan;Type 33 regulación;"Puerto ""O""";150 psi;12;300;5674;4908.3;0.563;Sch40;303.3;Knife Gate Valves.pdf, p.17;
Tajadera;Velan;Type 33 regulación;"Puerto ""O""";150 psi;14;350;7069;6115.05;0.529;Sch40;333.4;Knife Gate Valves.pdf, p.17;
Tajadera;Velan;Type 33 regulación;"Puerto ""O""";150 psi;16;400;9365;8101.21;0.514;Sch40;381.0;Knife Gate Valves.pdf, p.17;
Tajadera;Velan;Type 33 regulación;"Puerto ""O""";150 psi;18;450;11892;10287.2;0.511;Sch40;428.6;Knife Gate Valves.pdf, p.17;
Tajadera;Velan;Type 33 regulación;"Puerto ""O""";150 psi;20;500;14922;12908.3;0.501;Sch40;477.8;Knife Gate Valves.pdf, p.17;
Tajadera;Velan;Type 33 regulación;"Puerto ""O""";150 psi;24;600;20550;17776.82;0.553;Sch40;574.8;Knife Gate Valves.pdf, p.17;
Tajadera;Velan;Type 33 regulación;Puerto diamante;150 psi;3;80;210;181.66;1.79;Sch40;77.9;Knife Gate Valves.pdf, p.17;
Tajadera;Velan;Type 33 regulación;Puerto diamante;150 psi;4;100;386;333.91;1.57;Sch40;102.3;Knife Gate Valves.pdf, p.17;
Tajadera;Velan;Type 33 regulación;Puerto diamante;150 psi;6;150;900;778.55;1.49;Sch40;154.1;Knife Gate Valves.pdf, p.17;
Tajadera;Velan;Type 33 regulación;Puerto diamante;150 psi;8;200;1600;1384.08;1.41;Sch40;202.7;Knife Gate Valves.pdf, p.17;
Tajadera;Velan;Type 33 regulación;Puerto diamante;150 psi;10;250;2300;1989.62;1.69;Sch40;254.4;Knife Gate Valves.pdf, p.17;
Tajadera;Velan;Type 33 regulación;Puerto diamante;150 psi;12;300;3700;3200.69;1.32;Sch40;303.3;Knife Gate Valves.pdf, p.17;
Tajadera;Velan;Type 33 regulación;Puerto diamante;150 psi;14;350;4600;3979.24;1.25;Sch40;333.4;Knife Gate Valves.pdf, p.17;
Tajadera;Velan;Type 33 regulación;Puerto diamante;150 psi;16;400;6150;5320.07;1.19;Sch40;381.0;Knife Gate Valves.pdf, p.17;
Tajadera;Velan;Type 33 regulación;Puerto diamante;150 psi;18;450;8200;7093.43;1.07;Sch40;428.6;Knife Gate Valves.pdf, p.17;
Tajadera;Velan;Type 33 regulación;Puerto diamante;150 psi;20;500;10050;8693.77;1.1;Sch40;477.8;Knife Gate Valves.pdf, p.17;
Tajadera;Velan;Type 33 regulación;Puerto diamante;150 psi;24;600;15000;12975.78;1.04;Sch40;574.8;Knife Gate Valves.pdf, p.17;
Compuerta;Crane;Bronce (todas las figuras);Total;Bronce, ver catálogo;1/4;8;8;6.92;0.25;Sch40;9.3;Crane Bronze Valves.pdf, p.5;
Compuerta;Crane;Bronce (todas las figuras);Total;Bronce, ver catálogo;3/8;10;8;6.92;0.817;Sch40;12.5;Crane Bronze Valves.pdf, p.5;
Compuerta;Crane;Bronce (todas las figuras);Total;Bronce, ver catálogo;1/2;15;16;13.84;0.508;Sch40;15.7;Crane Bronze Valves.pdf, p.5;
Compuerta;Crane;Bronce (todas las figuras);Total;Bronce, ver catálogo;3/4;20;36;31.14;0.315;Sch40;20.9;Crane Bronze Valves.pdf, p.5;
Compuerta;Crane;Bronce (todas las figuras);Total;Bronce, ver catálogo;1;25;60;51.9;0.298;Sch40;26.6;Crane Bronze Valves.pdf, p.5;
Compuerta;Crane;Bronce (todas las figuras);Total;Bronce, ver catálogo;1-1/4;32;90;77.85;0.397;Sch40;35.0;Crane Bronze Valves.pdf, p.5;
Compuerta;Crane;Bronce (todas las figuras);Total;Bronce, ver catálogo;1-1/2;40;140;121.11;0.306;Sch40;40.9;Crane Bronze Valves.pdf, p.5;
Compuerta;Crane;Bronce (todas las figuras);Total;Bronce, ver catálogo;2;50;270;233.56;0.223;Sch40;52.5;Crane Bronze Valves.pdf, p.5;
Compuerta;Crane;Bronce (todas las figuras);Total;Bronce, ver catálogo;2-1/2;65;470;406.57;0.149;Sch40;62.6;Crane Bronze Valves.pdf, p.5;
Compuerta;Crane;Bronce (todas las figuras);Total;Bronce, ver catálogo;3;80;680;588.24;0.17;Sch40;77.9;Crane Bronze Valves.pdf, p.5;
Globo;Crane;Bronce Fig. 17TF;—;Bronce, ver catálogo;1/4;8;1.6;1.38;6.26;Sch40;9.3;Crane Bronze Valves.pdf, p.5;
Globo;Crane;Bronce Fig. 17TF;—;Bronce, ver catálogo;3/8;10;3.1;2.68;5.44;Sch40;12.5;Crane Bronze Valves.pdf, p.5;
Globo;Crane;Bronce Fig. 17TF;—;Bronce, ver catálogo;1/2;15;5.1;4.41;5.0;Sch40;15.7;Crane Bronze Valves.pdf, p.5;
Globo;Crane;Bronce Fig. 17TF;—;Bronce, ver catálogo;3/4;20;9.2;7.96;4.83;Sch40;20.9;Crane Bronze Valves.pdf, p.5;
Globo;Crane;Bronce Fig. 17TF;—;Bronce, ver catálogo;1;25;16;13.84;4.19;Sch40;26.6;Crane Bronze Valves.pdf, p.5;
Globo;Crane;Bronce Fig. 17TF;—;Bronce, ver catálogo;1-1/4;32;28;24.22;4.1;Sch40;35.0;Crane Bronze Valves.pdf, p.5;
Globo;Crane;Bronce Fig. 17TF;—;Bronce, ver catálogo;1-1/2;40;39;33.74;3.94;Sch40;40.9;Crane Bronze Valves.pdf, p.5;
Globo;Crane;Bronce Fig. 17TF;—;Bronce, ver catálogo;2;50;66;57.09;3.73;Sch40;52.5;Crane Bronze Valves.pdf, p.5;
Globo;Crane;Bronce Fig. 382P;—;Bronce, ver catálogo;1/4;8;1.1;0.95;13.23;Sch40;9.3;Crane Bronze Valves.pdf, p.5;
Globo;Crane;Bronce Fig. 382P;—;Bronce, ver catálogo;3/8;10;2.1;1.82;11.85;Sch40;12.5;Crane Bronze Valves.pdf, p.5;
Globo;Crane;Bronce Fig. 382P;—;Bronce, ver catálogo;1/2;15;3.3;2.85;11.94;Sch40;15.7;Crane Bronze Valves.pdf, p.5;
Globo;Crane;Bronce Fig. 382P;—;Bronce, ver catálogo;3/4;20;6.0;5.19;11.35;Sch40;20.9;Crane Bronze Valves.pdf, p.5;
Globo;Crane;Bronce Fig. 382P;—;Bronce, ver catálogo;1;25;10;8.65;10.72;Sch40;26.6;Crane Bronze Valves.pdf, p.5;
Globo;Crane;Bronce Fig. 382P;—;Bronce, ver catálogo;1-1/4;32;18;15.57;9.91;Sch40;35.0;Crane Bronze Valves.pdf, p.5;
Globo;Crane;Bronce Fig. 382P;—;Bronce, ver catálogo;1-1/2;40;26;22.49;8.86;Sch40;40.9;Crane Bronze Valves.pdf, p.5;
Globo;Crane;Bronce Fig. 382P;—;Bronce, ver catálogo;2;50;44;38.06;8.4;Sch40;52.5;Crane Bronze Valves.pdf, p.5;
Globo;Crane;Bronce Fig. 382P;—;Bronce, ver catálogo;2-1/2;65;64;55.36;8.03;Sch40;62.6;Crane Bronze Valves.pdf, p.5;
Globo;Crane;Bronce Fig. 382P;—;Bronce, ver catálogo;3;80;100;86.51;7.88;Sch40;77.9;Crane Bronze Valves.pdf, p.5;
Globo;Crane;Bronce Fig. 384P;—;Bronce, ver catálogo;1/4;8;1.5;1.3;7.12;Sch40;9.3;Crane Bronze Valves.pdf, p.5;
Globo;Crane;Bronce Fig. 384P;—;Bronce, ver catálogo;3/8;10;3.0;2.6;5.81;Sch40;12.5;Crane Bronze Valves.pdf, p.5;
Globo;Crane;Bronce Fig. 384P;—;Bronce, ver catálogo;1/2;15;4.9;4.24;5.42;Sch40;15.7;Crane Bronze Valves.pdf, p.5;
Globo;Crane;Bronce Fig. 384P;—;Bronce, ver catálogo;3/4;20;9.0;7.79;5.04;Sch40;20.9;Crane Bronze Valves.pdf, p.5;
Globo;Crane;Bronce Fig. 384P;—;Bronce, ver catálogo;1;25;15;12.98;4.76;Sch40;26.6;Crane Bronze Valves.pdf, p.5;
Globo;Crane;Bronce Fig. 384P;—;Bronce, ver catálogo;1-1/4;32;27;23.36;4.41;Sch40;35.0;Crane Bronze Valves.pdf, p.5;
Globo;Crane;Bronce Fig. 384P;—;Bronce, ver catálogo;1-1/2;40;38;32.87;4.15;Sch40;40.9;Crane Bronze Valves.pdf, p.5;
Globo;Crane;Bronce Fig. 384P;—;Bronce, ver catálogo;2;50;64;55.36;3.97;Sch40;52.5;Crane Bronze Valves.pdf, p.5;
Globo;Crane;Bronce Fig. 1310;—;Bronce, ver catálogo;3/8;10;2.1;1.82;11.85;Sch40;12.5;Crane Bronze Valves.pdf, p.5;
Globo;Crane;Bronce Fig. 1310;—;Bronce, ver catálogo;1/2;15;3.8;3.29;9.01;Sch40;15.7;Crane Bronze Valves.pdf, p.5;
Globo;Crane;Bronce Fig. 1310;—;Bronce, ver catálogo;3/4;20;5.9;5.1;11.73;Sch40;20.9;Crane Bronze Valves.pdf, p.5;
Globo;Crane;Bronce Fig. 1310;—;Bronce, ver catálogo;1;25;11;9.52;8.86;Sch40;26.6;Crane Bronze Valves.pdf, p.5;
Globo;Crane;Bronce Fig. 1310;—;Bronce, ver catálogo;1-1/4;32;21;18.17;7.28;Sch40;35.0;Crane Bronze Valves.pdf, p.5;
Globo;Crane;Bronce Fig. 1310;—;Bronce, ver catálogo;1-1/2;40;28;24.22;7.64;Sch40;40.9;Crane Bronze Valves.pdf, p.5;
Globo;Crane;Bronce Fig. 1310;—;Bronce, ver catálogo;2;50;49;42.39;6.77;Sch40;52.5;Crane Bronze Valves.pdf, p.5;
Globo;Crane;Bronce Fig. 7TF, 14 1/2P, 212P;—;Bronce, ver catálogo;1/4;8;1.3;1.12;9.48;Sch40;9.3;Crane Bronze Valves.pdf, p.5;
Globo;Crane;Bronce Fig. 7TF, 14 1/2P, 212P;—;Bronce, ver catálogo;3/8;10;2.4;2.08;9.07;Sch40;12.5;Crane Bronze Valves.pdf, p.5;
Globo;Crane;Bronce Fig. 7TF, 14 1/2P, 212P;—;Bronce, ver catálogo;1/2;15;3.9;3.37;8.55;Sch40;15.7;Crane Bronze Valves.pdf, p.5;
Globo;Crane;Bronce Fig. 7TF, 14 1/2P, 212P;—;Bronce, ver catálogo;3/4;20;7.0;6.06;8.34;Sch40;20.9;Crane Bronze Valves.pdf, p.5;
Globo;Crane;Bronce Fig. 7TF, 14 1/2P, 212P;—;Bronce, ver catálogo;1;25;12;10.38;7.44;Sch40;26.6;Crane Bronze Valves.pdf, p.5;
Globo;Crane;Bronce Fig. 7TF, 14 1/2P, 212P;—;Bronce, ver catálogo;1-1/4;32;21;18.17;7.28;Sch40;35.0;Crane Bronze Valves.pdf, p.5;
Globo;Crane;Bronce Fig. 7TF, 14 1/2P, 212P;—;Bronce, ver catálogo;1-1/2;40;30;25.95;6.66;Sch40;40.9;Crane Bronze Valves.pdf, p.5;
Globo;Crane;Bronce Fig. 7TF, 14 1/2P, 212P;—;Bronce, ver catálogo;2;50;50;43.25;6.5;Sch40;52.5;Crane Bronze Valves.pdf, p.5;
Globo;Crane;Bronce Fig. 7TF, 14 1/2P, 212P;—;Bronce, ver catálogo;2-1/2;65;74;64.01;6.0;Sch40;62.6;Crane Bronze Valves.pdf, p.5;
Globo;Crane;Bronce Fig. 7TF, 14 1/2P, 212P;—;Bronce, ver catálogo;3;80;115;99.48;5.96;Sch40;77.9;Crane Bronze Valves.pdf, p.5;
Retención;Crane;Bronce Fig. 29;—;Bronce, ver catálogo;1/4;8;1.3;1.12;9.48;Sch40;9.3;Crane Bronze Valves.pdf, p.5;
Retención;Crane;Bronce Fig. 29;—;Bronce, ver catálogo;3/8;10;2.5;2.16;8.36;Sch40;12.5;Crane Bronze Valves.pdf, p.5;
Retención;Crane;Bronce Fig. 29;—;Bronce, ver catálogo;1/2;15;4.1;3.55;7.74;Sch40;15.7;Crane Bronze Valves.pdf, p.5;
Retención;Crane;Bronce Fig. 29;—;Bronce, ver catálogo;3/4;20;7.6;6.57;7.07;Sch40;20.9;Crane Bronze Valves.pdf, p.5;
Retención;Crane;Bronce Fig. 29;—;Bronce, ver catálogo;1;25;13;11.25;6.34;Sch40;26.6;Crane Bronze Valves.pdf, p.5;
Retención;Crane;Bronce Fig. 29;—;Bronce, ver catálogo;1-1/4;32;23;19.9;6.07;Sch40;35.0;Crane Bronze Valves.pdf, p.5;
Retención;Crane;Bronce Fig. 29;—;Bronce, ver catálogo;1-1/2;40;31;26.82;6.23;Sch40;40.9;Crane Bronze Valves.pdf, p.5;
Retención;Crane;Bronce Fig. 29;—;Bronce, ver catálogo;2;50;54;46.71;5.58;Sch40;52.5;Crane Bronze Valves.pdf, p.5;
Retención;Crane;Bronce Fig. 29;—;Bronce, ver catálogo;2-1/2;65;78;67.47;5.4;Sch40;62.6;Crane Bronze Valves.pdf, p.5;
Retención;Crane;Bronce Fig. 29;—;Bronce, ver catálogo;3;80;125;108.13;5.05;Sch40;77.9;Crane Bronze Valves.pdf, p.5;
Retención;Crane;Bronce Fig. 27TF;—;Bronce, ver catálogo;1/4;8;0.9;0.78;19.77;Sch40;9.3;Crane Bronze Valves.pdf, p.5;
Retención;Crane;Bronce Fig. 27TF;—;Bronce, ver catálogo;3/8;10;1.8;1.56;16.13;Sch40;12.5;Crane Bronze Valves.pdf, p.5;
Retención;Crane;Bronce Fig. 27TF;—;Bronce, ver catálogo;1/2;15;3.0;2.6;14.45;Sch40;15.7;Crane Bronze Valves.pdf, p.5;
Retención;Crane;Bronce Fig. 27TF;—;Bronce, ver catálogo;3/4;20;5.4;4.67;14.01;Sch40;20.9;Crane Bronze Valves.pdf, p.5;
Retención;Crane;Bronce Fig. 27TF;—;Bronce, ver catálogo;1;25;9;7.79;13.23;Sch40;26.6;Crane Bronze Valves.pdf, p.5;
Retención;Crane;Bronce Fig. 27TF;—;Bronce, ver catálogo;1-1/4;32;16;13.84;12.55;Sch40;35.0;Crane Bronze Valves.pdf, p.5;
Retención;Crane;Bronce Fig. 27TF;—;Bronce, ver catálogo;1-1/2;40;22;19.03;12.38;Sch40;40.9;Crane Bronze Valves.pdf, p.5;
Retención;Crane;Bronce Fig. 27TF;—;Bronce, ver catálogo;2;50;39;33.74;10.69;Sch40;52.5;Crane Bronze Valves.pdf, p.5;
Retención;Crane;Bronce Fig. 366E;—;Bronce, ver catálogo;1/4;8;1.1;0.95;13.23;Sch40;9.3;Crane Bronze Valves.pdf, p.5;
Retención;Crane;Bronce Fig. 366E;—;Bronce, ver catálogo;3/8;10;2.1;1.82;11.85;Sch40;12.5;Crane Bronze Valves.pdf, p.5;
Retención;Crane;Bronce Fig. 366E;—;Bronce, ver catálogo;1/2;15;3.3;2.85;11.94;Sch40;15.7;Crane Bronze Valves.pdf, p.5;
Retención;Crane;Bronce Fig. 366E;—;Bronce, ver catálogo;3/4;20;6.0;5.19;11.35;Sch40;20.9;Crane Bronze Valves.pdf, p.5;
Retención;Crane;Bronce Fig. 366E;—;Bronce, ver catálogo;1;25;10;8.65;10.72;Sch40;26.6;Crane Bronze Valves.pdf, p.5;
Retención;Crane;Bronce Fig. 366E;—;Bronce, ver catálogo;1-1/4;32;18;15.57;9.91;Sch40;35.0;Crane Bronze Valves.pdf, p.5;
Retención;Crane;Bronce Fig. 366E;—;Bronce, ver catálogo;1-1/2;40;26;22.49;8.86;Sch40;40.9;Crane Bronze Valves.pdf, p.5;
Retención;Crane;Bronce Fig. 366E;—;Bronce, ver catálogo;2;50;44;38.06;8.4;Sch40;52.5;Crane Bronze Valves.pdf, p.5;
Retención;Crane;Bronce Fig. 366E;—;Bronce, ver catálogo;2-1/2;65;64;55.36;8.03;Sch40;62.6;Crane Bronze Valves.pdf, p.5;
Retención;Crane;Bronce Fig. 366E;—;Bronce, ver catálogo;3;80;100;86.51;7.88;Sch40;77.9;Crane Bronze Valves.pdf, p.5;
Retención;Crane;Bronce Fig. 76E, 137, 1342, 141TF;—;Bronce, ver catálogo;1/4;8;2.3;1.99;3.03;Sch40;9.3;Crane Bronze Valves.pdf, p.5;
Retención;Crane;Bronce Fig. 76E, 137, 1342, 141TF;—;Bronce, ver catálogo;3/8;10;4.3;3.72;2.83;Sch40;12.5;Crane Bronze Valves.pdf, p.5;
Retención;Crane;Bronce Fig. 76E, 137, 1342, 141TF;—;Bronce, ver catálogo;1/2;15;7.2;6.23;2.51;Sch40;15.7;Crane Bronze Valves.pdf, p.5;
Retención;Crane;Bronce Fig. 76E, 137, 1342, 141TF;—;Bronce, ver catálogo;3/4;20;13;11.25;2.42;Sch40;20.9;Crane Bronze Valves.pdf, p.5;
Retención;Crane;Bronce Fig. 76E, 137, 1342, 141TF;—;Bronce, ver catálogo;1;25;22;19.03;2.21;Sch40;26.6;Crane Bronze Valves.pdf, p.5;
Retención;Crane;Bronce Fig. 76E, 137, 1342, 141TF;—;Bronce, ver catálogo;1-1/4;32;39;33.74;2.11;Sch40;35.0;Crane Bronze Valves.pdf, p.5;
Retención;Crane;Bronce Fig. 76E, 137, 1342, 141TF;—;Bronce, ver catálogo;1-1/2;40;56;48.44;1.91;Sch40;40.9;Crane Bronze Valves.pdf, p.5;
Retención;Crane;Bronce Fig. 76E, 137, 1342, 141TF;—;Bronce, ver catálogo;2;50;92;79.58;1.92;Sch40;52.5;Crane Bronze Valves.pdf, p.5;
Retención;Crane;Bronce Fig. 76E, 137, 1342, 141TF;—;Bronce, ver catálogo;2-1/2;65;135;116.78;1.8;Sch40;62.6;Crane Bronze Valves.pdf, p.5;
Retención;Crane;Bronce Fig. 76E, 137, 1342, 141TF;—;Bronce, ver catálogo;3;80;215;185.99;1.71;Sch40;77.9;Crane Bronze Valves.pdf, p.5;
Retención;Hopkinsons (Weir);Swing check balance of plant;—;ASME 150;2-1/2;65;198;171.28;0.839;Sch40;62.6;Gate, Globe, Check & Safety Valves.pdf, p.77–78;"Cv 2-1/2"" y 3"" casi iguales (mismo cuerpo)"
Retención;Hopkinsons (Weir);Swing check balance of plant;—;ASME 150;3;80;208;179.93;1.82;Sch40;77.9;Gate, Globe, Check & Safety Valves.pdf, p.77–78;"Cv 2-1/2"" y 3"" casi iguales (mismo cuerpo)"
Retención;Hopkinsons (Weir);Swing check balance of plant;—;ASME 150;4;100;370;320.07;1.71;Sch40;102.3;Gate, Globe, Check & Safety Valves.pdf, p.77–78;"Cv 2-1/2"" y 3"" casi iguales (mismo cuerpo)"
Retención;Hopkinsons (Weir);Swing check balance of plant;—;ASME 150;6;150;868;750.87;1.6;Sch40;154.1;Gate, Globe, Check & Safety Valves.pdf, p.77–78;"Cv 2-1/2"" y 3"" casi iguales (mismo cuerpo)"
Retención;Hopkinsons (Weir);Swing check balance of plant;—;ASME 150;8;200;1672;1446.37;1.29;Sch40;202.7;Gate, Globe, Check & Safety Valves.pdf, p.77–78;"Cv 2-1/2"" y 3"" casi iguales (mismo cuerpo)"
Retención;Hopkinsons (Weir);Swing check balance of plant;—;ASME 150;10;250;2688;2325.26;1.24;Sch40;254.4;Gate, Globe, Check & Safety Valves.pdf, p.77–78;"Cv 2-1/2"" y 3"" casi iguales (mismo cuerpo)"
Retención;Hopkinsons (Weir);Swing check balance of plant;—;ASME 150;12;300;3983;3445.5;1.14;Sch40;303.3;Gate, Globe, Check & Safety Valves.pdf, p.77–78;"Cv 2-1/2"" y 3"" casi iguales (mismo cuerpo)"
Retención;Hopkinsons (Weir);Swing check balance of plant;—;ASME 150;14;350;4892;4231.83;1.11;Sch40;333.4;Gate, Globe, Check & Safety Valves.pdf, p.77–78;"Cv 2-1/2"" y 3"" casi iguales (mismo cuerpo)"
Retención;Hopkinsons (Weir);Swing check balance of plant;—;ASME 150;16;400;6582;5693.77;1.04;Sch40;381.0;Gate, Globe, Check & Safety Valves.pdf, p.77–78;"Cv 2-1/2"" y 3"" casi iguales (mismo cuerpo)"
Retención;Hopkinsons (Weir);Swing check balance of plant;—;ASME 150;18;450;8559;7403.98;0.986;Sch40;428.6;Gate, Globe, Check & Safety Valves.pdf, p.77–78;"Cv 2-1/2"" y 3"" casi iguales (mismo cuerpo)"
Retención;Hopkinsons (Weir);Swing check balance of plant;—;ASME 150;20;500;16400;14186.85;0.415;Sch40;477.8;Gate, Globe, Check & Safety Valves.pdf, p.77–78;"Cv 2-1/2"" y 3"" casi iguales (mismo cuerpo)"
Retención;Hopkinsons (Weir);Swing check balance of plant;—;ASME 150;24;600;21900;18944.64;0.487;Sch40;574.8;Gate, Globe, Check & Safety Valves.pdf, p.77–78;"Cv 2-1/2"" y 3"" casi iguales (mismo cuerpo)"
Retención;Hopkinsons (Weir);Swing check balance of plant;—;ASME 150;26;650;27200;23529.41;0.49;STD;641.4;Gate, Globe, Check & Safety Valves.pdf, p.77–78;"Cv 2-1/2"" y 3"" casi iguales (mismo cuerpo)"
Retención;Hopkinsons (Weir);Swing check balance of plant;—;ASME 150;30;750;36800;31833.91;0.434;Sch40;723.8;Gate, Globe, Check & Safety Valves.pdf, p.77–78;"Cv 2-1/2"" y 3"" casi iguales (mismo cuerpo)"
Retención;Hopkinsons (Weir);Swing check balance of plant;—;ASME 300;2-1/2;65;198;171.28;0.839;Sch40;62.6;Gate, Globe, Check & Safety Valves.pdf, p.77–78;"Cv 2-1/2"" y 3"" casi iguales (mismo cuerpo)"
Retención;Hopkinsons (Weir);Swing check balance of plant;—;ASME 300;3;80;204;176.47;1.89;Sch40;77.9;Gate, Globe, Check & Safety Valves.pdf, p.77–78;"Cv 2-1/2"" y 3"" casi iguales (mismo cuerpo)"
Retención;Hopkinsons (Weir);Swing check balance of plant;—;ASME 300;4;100;370;320.07;1.71;Sch40;102.3;Gate, Globe, Check & Safety Valves.pdf, p.77–78;"Cv 2-1/2"" y 3"" casi iguales (mismo cuerpo)"
Retención;Hopkinsons (Weir);Swing check balance of plant;—;ASME 300;6;150;868;750.87;1.6;Sch40;154.1;Gate, Globe, Check & Safety Valves.pdf, p.77–78;"Cv 2-1/2"" y 3"" casi iguales (mismo cuerpo)"
Retención;Hopkinsons (Weir);Swing check balance of plant;—;ASME 300;8;200;1628;1408.3;1.36;Sch40;202.7;Gate, Globe, Check & Safety Valves.pdf, p.77–78;"Cv 2-1/2"" y 3"" casi iguales (mismo cuerpo)"
Retención;Hopkinsons (Weir);Swing check balance of plant;—;ASME 300;10;250;2651;2293.25;1.28;Sch40;254.4;Gate, Globe, Check & Safety Valves.pdf, p.77–78;"Cv 2-1/2"" y 3"" casi iguales (mismo cuerpo)"
Retención;Hopkinsons (Weir);Swing check balance of plant;—;ASME 300;12;300;3838;3320.07;1.23;Sch40;303.3;Gate, Globe, Check & Safety Valves.pdf, p.77–78;"Cv 2-1/2"" y 3"" casi iguales (mismo cuerpo)"
Retención;Hopkinsons (Weir);Swing check balance of plant;—;ASME 300;14;350;4892;4231.83;1.11;Sch40;333.4;Gate, Globe, Check & Safety Valves.pdf, p.77–78;"Cv 2-1/2"" y 3"" casi iguales (mismo cuerpo)"
Retención;Hopkinsons (Weir);Swing check balance of plant;—;ASME 300;16;400;6420;5553.63;1.09;Sch40;381.0;Gate, Globe, Check & Safety Valves.pdf, p.77–78;"Cv 2-1/2"" y 3"" casi iguales (mismo cuerpo)"
Retención;Hopkinsons (Weir);Swing check balance of plant;—;ASME 300;18;450;8559;7403.98;0.986;Sch40;428.6;Gate, Globe, Check & Safety Valves.pdf, p.77–78;"Cv 2-1/2"" y 3"" casi iguales (mismo cuerpo)"
Retención;Hopkinsons (Weir);Swing check balance of plant;—;ASME 300;20;500;16400;14186.85;0.415;Sch40;477.8;Gate, Globe, Check & Safety Valves.pdf, p.77–78;"Cv 2-1/2"" y 3"" casi iguales (mismo cuerpo)"
Retención;Hopkinsons (Weir);Swing check balance of plant;—;ASME 300;24;600;21900;18944.64;0.487;Sch40;574.8;Gate, Globe, Check & Safety Valves.pdf, p.77–78;"Cv 2-1/2"" y 3"" casi iguales (mismo cuerpo)"
Retención;Hopkinsons (Weir);Swing check balance of plant;—;ASME 300;26;650;27200;23529.41;0.49;STD;641.4;Gate, Globe, Check & Safety Valves.pdf, p.77–78;"Cv 2-1/2"" y 3"" casi iguales (mismo cuerpo)"
Retención;Hopkinsons (Weir);Swing check balance of plant;—;ASME 300;30;750;36800;31833.91;0.434;Sch40;723.8;Gate, Globe, Check & Safety Valves.pdf, p.77–78;"Cv 2-1/2"" y 3"" casi iguales (mismo cuerpo)"
Retención;Hopkinsons (Weir);Swing check balance of plant;—;ASME 600;2-1/2;65;187;161.76;0.94;Sch40;62.6;Gate, Globe, Check & Safety Valves.pdf, p.77–78;"Cv 2-1/2"" y 3"" casi iguales (mismo cuerpo)"
Retención;Hopkinsons (Weir);Swing check balance of plant;—;ASME 600;3;80;193;166.96;2.12;Sch40;77.9;Gate, Globe, Check & Safety Valves.pdf, p.77–78;"Cv 2-1/2"" y 3"" casi iguales (mismo cuerpo)"
Retención;Hopkinsons (Weir);Swing check balance of plant;—;ASME 600;4;100;370;320.07;1.71;Sch40;102.3;Gate, Globe, Check & Safety Valves.pdf, p.77–78;"Cv 2-1/2"" y 3"" casi iguales (mismo cuerpo)"
Retención;Hopkinsons (Weir);Swing check balance of plant;—;ASME 600;6;150;868;750.87;1.6;Sch40;154.1;Gate, Globe, Check & Safety Valves.pdf, p.77–78;"Cv 2-1/2"" y 3"" casi iguales (mismo cuerpo)"
Retención;Hopkinsons (Weir);Swing check balance of plant;—;ASME 600;8;200;1796;1553.63;1.12;Sch40;202.7;Gate, Globe, Check & Safety Valves.pdf, p.77–78;"Cv 2-1/2"" y 3"" casi iguales (mismo cuerpo)"
Retención;Hopkinsons (Weir);Swing check balance of plant;—;ASME 600;10;250;2651;2293.25;1.28;Sch40;254.4;Gate, Globe, Check & Safety Valves.pdf, p.77–78;"Cv 2-1/2"" y 3"" casi iguales (mismo cuerpo)"
Retención;Hopkinsons (Weir);Swing check balance of plant;—;ASME 600;12;300;3838;3320.07;1.23;Sch40;303.3;Gate, Globe, Check & Safety Valves.pdf, p.77–78;"Cv 2-1/2"" y 3"" casi iguales (mismo cuerpo)"
Retención;Hopkinsons (Weir);Swing check balance of plant;—;ASME 600;14;350;4833;4180.8;1.13;Sch40;333.4;Gate, Globe, Check & Safety Valves.pdf, p.77–78;"Cv 2-1/2"" y 3"" casi iguales (mismo cuerpo)"
Retención;Hopkinsons (Weir);Swing check balance of plant;—;ASME 600;16;400;6295;5445.5;1.14;Sch40;381.0;Gate, Globe, Check & Safety Valves.pdf, p.77–78;"Cv 2-1/2"" y 3"" casi iguales (mismo cuerpo)"
Retención;Hopkinsons (Weir);Swing check balance of plant;—;ASME 600;18;450;8290;7171.28;1.05;Sch40;428.6;Gate, Globe, Check & Safety Valves.pdf, p.77–78;"Cv 2-1/2"" y 3"" casi iguales (mismo cuerpo)"
Retención;Hopkinsons (Weir);Swing check balance of plant;—;ASME 600;20;500;15300;13235.29;0.477;Sch40;477.8;Gate, Globe, Check & Safety Valves.pdf, p.77–78;"Cv 2-1/2"" y 3"" casi iguales (mismo cuerpo)"
Retención;Hopkinsons (Weir);Swing check balance of plant;—;ASME 600;24;600;17500;15138.41;0.763;Sch40;574.8;Gate, Globe, Check & Safety Valves.pdf, p.77–78;"Cv 2-1/2"" y 3"" casi iguales (mismo cuerpo)"
Retención;Hopkinsons (Weir);Swing check balance of plant;—;ASME 600;26;650;31650;27378.89;0.362;STD;641.4;Gate, Globe, Check & Safety Valves.pdf, p.77–78;"Cv 2-1/2"" y 3"" casi iguales (mismo cuerpo)"
Retención;Hopkinsons (Weir);Swing check balance of plant;—;ASME 600;30;750;35700;30882.35;0.461;Sch40;723.8;Gate, Globe, Check & Safety Valves.pdf, p.77–78;"Cv 2-1/2"" y 3"" casi iguales (mismo cuerpo)"
Retención;Hopkinsons (Weir);Swing check balance of plant;—;ASME 900;2-1/2;65;202;174.74;0.806;Sch40;62.6;Gate, Globe, Check & Safety Valves.pdf, p.77–78;"Cv 2-1/2"" y 3"" casi iguales (mismo cuerpo)"
Retención;Hopkinsons (Weir);Swing check balance of plant;—;ASME 900;3;80;209;180.8;1.8;Sch40;77.9;Gate, Globe, Check & Safety Valves.pdf, p.77–78;"Cv 2-1/2"" y 3"" casi iguales (mismo cuerpo)"
Retención;Hopkinsons (Weir);Swing check balance of plant;—;ASME 900;4;100;363;314.01;1.78;Sch40;102.3;Gate, Globe, Check & Safety Valves.pdf, p.77–78;"Cv 2-1/2"" y 3"" casi iguales (mismo cuerpo)"
Retención;Hopkinsons (Weir);Swing check balance of plant;—;ASME 900;6;150;801;692.91;1.88;Sch40;154.1;Gate, Globe, Check & Safety Valves.pdf, p.77–78;"Cv 2-1/2"" y 3"" casi iguales (mismo cuerpo)"
Retención;Hopkinsons (Weir);Swing check balance of plant;—;ASME 900;8;200;1517;1312.28;1.57;Sch40;202.7;Gate, Globe, Check & Safety Valves.pdf, p.77–78;"Cv 2-1/2"" y 3"" casi iguales (mismo cuerpo)"
Retención;Hopkinsons (Weir);Swing check balance of plant;—;ASME 900;10;250;2346;2029.41;1.63;Sch40;254.4;Gate, Globe, Check & Safety Valves.pdf, p.77–78;"Cv 2-1/2"" y 3"" casi iguales (mismo cuerpo)"
Retención;Hopkinsons (Weir);Swing check balance of plant;—;ASME 900;12;300;3658;3164.36;1.35;Sch40;303.3;Gate, Globe, Check & Safety Valves.pdf, p.77–78;"Cv 2-1/2"" y 3"" casi iguales (mismo cuerpo)"
Retención;Hopkinsons (Weir);Swing check balance of plant;—;ASME 900;14;350;4207;3639.27;1.49;Sch40;333.4;Gate, Globe, Check & Safety Valves.pdf, p.77–78;"Cv 2-1/2"" y 3"" casi iguales (mismo cuerpo)"
Retención;Hopkinsons (Weir);Swing check balance of plant;—;ASME 900;16;400;5629;4869.38;1.42;Sch40;381.0;Gate, Globe, Check & Safety Valves.pdf, p.77–78;"Cv 2-1/2"" y 3"" casi iguales (mismo cuerpo)"
Retención;Hopkinsons (Weir);Swing check balance of plant;—;ASME 900;18;450;7558;6538.06;1.26;Sch40;428.6;Gate, Globe, Check & Safety Valves.pdf, p.77–78;"Cv 2-1/2"" y 3"" casi iguales (mismo cuerpo)"
Retención;Hopkinsons (Weir);Swing check balance of plant;—;ASME 900;20;500;15235;13179.07;0.481;Sch40;477.8;Gate, Globe, Check & Safety Valves.pdf, p.77–78;"Cv 2-1/2"" y 3"" casi iguales (mismo cuerpo)"
Retención;Hopkinsons (Weir);Swing check balance of plant;—;ASME 900;24;600;18878;16330.45;0.656;Sch40;574.8;Gate, Globe, Check & Safety Valves.pdf, p.77–78;"Cv 2-1/2"" y 3"" casi iguales (mismo cuerpo)"
Retención;Hopkinsons (Weir);Swing check balance of plant;—;ASME 1500;2-1/2;65;202;174.74;0.806;Sch40;62.6;Gate, Globe, Check & Safety Valves.pdf, p.77–78;"Cv 2-1/2"" y 3"" casi iguales (mismo cuerpo)"
Retención;Hopkinsons (Weir);Swing check balance of plant;—;ASME 1500;3;80;209;180.8;1.8;Sch40;77.9;Gate, Globe, Check & Safety Valves.pdf, p.77–78;"Cv 2-1/2"" y 3"" casi iguales (mismo cuerpo)"
Retención;Hopkinsons (Weir);Swing check balance of plant;—;ASME 1500;4;100;345;298.44;1.97;Sch40;102.3;Gate, Globe, Check & Safety Valves.pdf, p.77–78;"Cv 2-1/2"" y 3"" casi iguales (mismo cuerpo)"
Retención;Hopkinsons (Weir);Swing check balance of plant;—;ASME 1500;6;150;801;692.91;1.88;Sch40;154.1;Gate, Globe, Check & Safety Valves.pdf, p.77–78;"Cv 2-1/2"" y 3"" casi iguales (mismo cuerpo)"
Retención;Hopkinsons (Weir);Swing check balance of plant;—;ASME 1500;8;200;1517;1312.28;1.57;Sch40;202.7;Gate, Globe, Check & Safety Valves.pdf, p.77–78;"Cv 2-1/2"" y 3"" casi iguales (mismo cuerpo)"
Retención;Hopkinsons (Weir);Swing check balance of plant;—;ASME 1500;10;250;2346;2029.41;1.63;Sch40;254.4;Gate, Globe, Check & Safety Valves.pdf, p.77–78;"Cv 2-1/2"" y 3"" casi iguales (mismo cuerpo)"
Retención;Hopkinsons (Weir);Swing check balance of plant;—;ASME 1500;12;300;3658;3164.36;1.35;Sch40;303.3;Gate, Globe, Check & Safety Valves.pdf, p.77–78;"Cv 2-1/2"" y 3"" casi iguales (mismo cuerpo)"
Retención;Hopkinsons (Weir);Swing check balance of plant;—;ASME 1500;14;350;4207;3639.27;1.49;Sch40;333.4;Gate, Globe, Check & Safety Valves.pdf, p.77–78;"Cv 2-1/2"" y 3"" casi iguales (mismo cuerpo)"
Retención;Hopkinsons (Weir);Swing check balance of plant;—;ASME 1500;16;400;5629;4869.38;1.42;Sch40;381.0;Gate, Globe, Check & Safety Valves.pdf, p.77–78;"Cv 2-1/2"" y 3"" casi iguales (mismo cuerpo)"
Retención;Hopkinsons (Weir);Swing check balance of plant;—;ASME 1500;18;450;7558;6538.06;1.26;Sch40;428.6;Gate, Globe, Check & Safety Valves.pdf, p.77–78;"Cv 2-1/2"" y 3"" casi iguales (mismo cuerpo)"
Retención;Crane / Center Line;Series 800 (wafer, revestida de elastómero);—;ver catálogo;2;50;36;31.14;12.55;Sch40;52.5;Butterfly Valves (1).pdf, p.18;"El índice del catálogo la llama ""Butterfly Valves"", pero es una válvula de retención"
Retención;Crane / Center Line;Series 800 (wafer, revestida de elastómero);—;ver catálogo;2-1/2;65;62;53.63;8.55;Sch40;62.6;Butterfly Valves (1).pdf, p.18;"El índice del catálogo la llama ""Butterfly Valves"", pero es una válvula de retención"
Retención;Crane / Center Line;Series 800 (wafer, revestida de elastómero);—;ver catálogo;3;80;123;106.4;5.21;Sch40;77.9;Butterfly Valves (1).pdf, p.18;"El índice del catálogo la llama ""Butterfly Valves"", pero es una válvula de retención"
Retención;Crane / Center Line;Series 800 (wafer, revestida de elastómero);—;ver catálogo;4;100;281;243.08;2.97;Sch40;102.3;Butterfly Valves (1).pdf, p.18;"El índice del catálogo la llama ""Butterfly Valves"", pero es una válvula de retención"
Retención;Crane / Center Line;Series 800 (wafer, revestida de elastómero);—;ver catálogo;5;125;522;451.56;2.12;Sch40;128.1;Butterfly Valves (1).pdf, p.18;"El índice del catálogo la llama ""Butterfly Valves"", pero es una válvula de retención"
Retención;Crane / Center Line;Series 800 (wafer, revestida de elastómero);—;ver catálogo;6;150;1033;893.6;1.13;Sch40;154.1;Butterfly Valves (1).pdf, p.18;"El índice del catálogo la llama ""Butterfly Valves"", pero es una válvula de retención"
Retención;Crane / Center Line;Series 800 (wafer, revestida de elastómero);—;ver catálogo;8;200;2158;1866.78;0.776;Sch40;202.7;Butterfly Valves (1).pdf, p.18;"El índice del catálogo la llama ""Butterfly Valves"", pero es una válvula de retención"
Retención;Crane / Center Line;Series 800 (wafer, revestida de elastómero);—;ver catálogo;10;250;3368;2913.49;0.79;Sch40;254.4;Butterfly Valves (1).pdf, p.18;"El índice del catálogo la llama ""Butterfly Valves"", pero es una válvula de retención"
Retención;Crane / Center Line;Series 800 (wafer, revestida de elastómero);—;ver catálogo;12;300;5068;4384.08;0.705;Sch40;303.3;Butterfly Valves (1).pdf, p.18;"El índice del catálogo la llama ""Butterfly Valves"", pero es una válvula de retención"
Retención;Crane / Center Line;Series 800 (wafer, revestida de elastómero);—;ver catálogo;14;350;6465;5592.56;0.633;Sch40;333.4;Butterfly Valves (1).pdf, p.18;"El índice del catálogo la llama ""Butterfly Valves"", pero es una válvula de retención"
Retención;Crane / Center Line;Series 800 (wafer, revestida de elastómero);—;ver catálogo;16;400;9172;7934.26;0.536;Sch40;381.0;Butterfly Valves (1).pdf, p.18;"El índice del catálogo la llama ""Butterfly Valves"", pero es una válvula de retención"
Retención;Crane / Center Line;Series 800 (wafer, revestida de elastómero);—;ver catálogo;18;450;12853;11118.51;0.437;Sch40;428.6;Butterfly Valves (1).pdf, p.18;"El índice del catálogo la llama ""Butterfly Valves"", pero es una válvula de retención"
Retención;Crane / Center Line;Series 800 (wafer, revestida de elastómero);—;ver catálogo;20;500;17398;15050.17;0.369;Sch40;477.8;Butterfly Valves (1).pdf, p.18;"El índice del catálogo la llama ""Butterfly Valves"", pero es una válvula de retención"
Retención;Crane / Center Line;Series 800 (wafer, revestida de elastómero);—;ver catálogo;24;600;28794;24908.3;0.282;Sch40;574.8;Butterfly Valves (1).pdf, p.18;"El índice del catálogo la llama ""Butterfly Valves"", pero es una válvula de retención"
